,study,taxon,phylum,common_name,number_of_populations,ecosystem,dispersal_mode,acclimation_time,source_population,latitude,longitude,life_history_stage,sex,number_acc_temps,acclimation_temperature_1,acclimation_temperature_2,measurement_level,thermal_limit_type,thermal_limit_1,thermal_limit_2,thermal_limit_error_type,thermal_limit_error_1,thermal_limit_error_2,n_1,n_2,ni,max_temp,min_temp,mean_temp,temp_range,upper_lower,ARR
1,Armstong_et_al_2020,Arabidopsis_kamchatica,Tracheophyta,rockcress,10,terrestrial,direct,<1,Taiwan,24,121,adult,uncertain,2,4,20,population,LD50_low,-14.52569185,-7.910062901,NA,NA,NA,2,2,112,26.85,8.05,18.05,18.8,lower,0.413476809
2,Armstong_et_al_2020,Arabidopsis_kamchatica,Tracheophyta,rockcress,10,terrestrial,direct,<1,Strathcona_Park_BC,49.82915,-125.8728,adult,uncertain,2,4,20,population,LD50_low,-20.78604925,-9.716357998,NA,NA,NA,12,12,112,20.02,-1.4,7.22,21.42,lower,0.691855703
3,Armstong_et_al_2020,Arabidopsis_kamchatica,Tracheophyta,rockcress,10,terrestrial,direct,<1,Grant_Lagoon_Kodiak_AK,57.37,-154.65,adult,uncertain,2,4,20,population,LD50_low,-23.33244964,-11.4111571,NA,NA,NA,1,1,112,13.08333333,-2.516666667,4.483333333,15.6,lower,0.745080784
4,Armstong_et_al_2020,Arabidopsis_kamchatica,Tracheophyta,rockcress,10,terrestrial,direct,<1,Portage_Glacier_AK,60.7916167,-148.90213,adult,uncertain,2,4,20,population,LD50_low,-12.58644191,-9.311340928,NA,NA,NA,12,12,112,16.675,-8.6875,3.375,25.3625,lower,0.204693811
5,Armstong_et_al_2020,Arabidopsis_kamchatica,Tracheophyta,rockcress,10,terrestrial,direct,<1,Thompson_Pass_AK,61.13,-145.73,adult,uncertain,2,4,20,population,LD50_low,-26.800005,-10.62100617,NA,NA,NA,1,1,112,12.8125,-15.9,-1.475,28.7125,lower,1.011187427
6,Armstong_et_al_2020,Arabidopsis_kamchatica,Tracheophyta,rockcress,10,terrestrial,direct,<1,Exit_Glacier_AK,60.18795,-149.6312833,adult,uncertain,2,4,20,population,LD50_low,-29.81377318,-9.704653169,NA,NA,NA,3,3,112,14.38333333,-7.75,2.583333333,22.13333333,lower,1.256820001
7,Armstong_et_al_2020,Arabidopsis_kamchatica,Tracheophyta,rockcress,10,terrestrial,direct,<1,Goodnews_Bay_AK,59.1166667,-161.58333,adult,uncertain,2,4,20,population,LD50_low,-27.65280678,-12.84935036,NA,NA,NA,1,1,112,13.85714286,-11.7,1.128571429,25.55714286,lower,0.925216026
8,Armstong_et_al_2020,Arabidopsis_kamchatica,Tracheophyta,rockcress,10,terrestrial,direct,<1,Rainbow_ridge_AK,63.32,-145.64,adult,uncertain,2,4,20,population,LD50_low,-3.217102055,-10.02931209,NA,NA,NA,1,1,112,12.34285714,-24.42857143,-6.871428571,36.77142857,lower,-0.425763127
9,Armstong_et_al_2020,Arabidopsis_kamchatica,Tracheophyta,rockcress,10,terrestrial,direct,<1,Ptarmigan_Creek_AK,65.4529,-145.5075657,adult,uncertain,2,4,20,population,LD50_low,-21.35861043,-10.35427114,NA,NA,NA,12,12,112,17.625,-27.7625,-5.725,45.3875,lower,0.687771206
10,Armstong_et_al_2020,Arabidopsis_lyrata,Tracheophyta,rockcress,9,terrestrial,direct,<1,Cedar_Mountain_NC,36.426667,-79.93777778,adult,uncertain,2,4,20,population,LD50_low,-18.05094602,-9.863268598,NA,NA,NA,1,1,112,29.8,-0.5,14.74,30.3,lower,0.511729839
11,Armstong_et_al_2020,Arabidopsis_lyrata,Tracheophyta,rockcress,9,terrestrial,direct,<1,Presque_Isle_PA,42.14,-80.11,adult,uncertain,2,4,20,population,LD50_low,-19.68091838,-12.01718209,NA,NA,NA,1,1,112,26.1,-5.8,9.9,31.9,lower,0.478983518
12,Armstong_et_al_2020,Arabidopsis_lyrata,Tracheophyta,rockcress,9,terrestrial,direct,<1,Bailey's_Harbor_WI,45.07036,-87.1711,adult,uncertain,2,4,20,population,LD50_low,-14.63508697,-14.0455688,NA,NA,NA,1,1,112,22.12,-7.96,6.78,30.08,lower,0.036844886
13,Armstong_et_al_2020,Arabidopsis_lyrata,Tracheophyta,rockcress,9,terrestrial,direct,<1,Plech_Germany,49.65,11.47,adult,uncertain,2,4,20,population,LD50_low,-11.74699564,-9.585428989,NA,NA,NA,1,1,112,22.35,-3.833333333,8.25,26.18333333,lower,0.135097916
14,Armstong_et_al_2020,Arabidopsis_lyrata,Tracheophyta,rockcress,9,terrestrial,direct,<1,Exeter_McNair_England,50.72,-3.53,adult,uncertain,2,4,20,population,LD50_low,-12.59724636,-9.322145385,NA,NA,NA,1,1,112,19.15,4.025,10.925,15.125,lower,0.204693811
15,Armstong_et_al_2020,Arabidopsis_lyrata,Tracheophyta,rockcress,9,terrestrial,direct,<1,Esja_Mountain_Iceland,64.2,-21.7,adult,uncertain,2,4,20,population,LD50_low,-32.62608326,-16.77459452,NA,NA,NA,1,1,112,13.1,-2.325,4.6375,15.425,lower,0.990718046
16,Armstong_et_al_2020,Arabidopsis_lyrata,Tracheophyta,rockcress,9,terrestrial,direct,<1,Reykjavik_Iceland,64,-21,adult,uncertain,2,4,20,population,LD50_low,-12.32045719,-7.997323896,NA,NA,NA,1,1,112,11.95,-2.7625,3.9125,14.7125,lower,0.270195831
17,Armstong_et_al_2020,Arabidopsis_lyrata,Tracheophyta,rockcress,9,terrestrial,direct,<1,Cedar_Mountain_NC,36.426667,-79.93777778,adult,uncertain,2,4,NA,population,LD50_low,-33.48548776,NA,NA,NA,NA,1,1,112,29.8,-0.5,14.74,30.3,lower,NA
18,Armstrong_et_al_2015,Arabidopsis_kamchatica,Tracheophyta,rockcress,3,terrestrial,uncertain,1,Elk_River,49.846,-125.85,uncertain,uncertain,2,4,20,population,LD50_low,-19.5,-9.1,CI,0.7,0.2,1,1,112,20.9,-0.766666667,7.966666667,21.66666667,lower,0.65
19,Armstrong_et_al_2015,Arabidopsis_kamchatica,Tracheophyta,rockcress,3,terrestrial,uncertain,1,Portage_Glacier,60.82,-148.97,uncertain,uncertain,2,4,20,population,LD50_low,-21.6,-10.5,CI,0.7,0.3,1,1,112,17.625,-8.25,4.1,25.875,lower,0.69375
20,Armstrong_et_al_2015,Arabidopsis_kamchatica,Tracheophyta,rockcress,3,terrestrial,uncertain,1,Ptarmigan_Creek,65.05,-147.6,uncertain,uncertain,2,4,20,population,LD50_low,-17.2,-9.8,CI,0.4,0.1,1,1,112,20.45,-24.4125,-2.725,44.8625,lower,0.4625
21,Barria_et_al_2017,Pleurodema_thaul,Chordata,frog,2,terrestrial,uncertain,<1,Carrera_Pinto,-27.1,-69.883,adult,uncertain,2,10,20,individual,CTmax,38.664,39.618,CI,0.190545,0.300182,22,22,64,24.7,4,15.3,20.7,upper,0.0954
22,Barria_et_al_2017,Pleurodema_thaul,Chordata,frog,2,terrestrial,uncertain,<1,El_Caulle,-40.65,-72.167,adult,uncertain,2,10,20,individual,CTmax,35.745,37.636,CI,0.700455,0.491273,10,10,64,21.4,1.975,10.3,19.425,upper,0.1891
23,Barria_et_al_2017,Pleurodema_thaul,Chordata,frog,2,terrestrial,uncertain,<1,Carrera_Pinto,-27.1,-69.883,adult,uncertain,2,10,20,individual,CTmin,1.631432545,1.235048679,CI,0.278164117,0.236439499,22,22,64,24.7,4,15.3,20.7,lower,-0.039638387
24,Barria_et_al_2017,Pleurodema_thaul,Chordata,frog,2,terrestrial,uncertain,<1,El_Caulle,-40.65,-72.167,adult,uncertain,2,10,20,individual,Ctmin,-2.408901252,-2.137691238,CI,0.472878999,0.458970793,10,10,64,21.4,1.975,10.3,19.425,lower,0.027121001
31,Bugg_et_al_2020,Acipenser fulvescens,Chordata,sturgeon,2,freshwater,NA,1,WR,50.3,95.55,adult,uncertain,3,16,20,individual,CTmax,32.41909814,34.64721485,std_dev,0.286472149,0.339522546,8,8,48,21.06,-28.24,-2.08,49.3,upper,0.557029177
32,Bugg_et_al_2020,Acipenser fulvescens,Chordata,sturgeon,2,freshwater,NA,1,BR,56.05,96.905,adult,uncertain,3,16,20,individual,CTmax,32.12201592,34.09549072,std_dev,0.48,0.392572944,8,8,48,23.28333333,-22.5,0.483333333,45.78333333,upper,0.4933687
33,Bugg_et_al_2020,Acipenser fulvescens,Chordata,sturgeon,2,freshwater,NA,1,WR,50.3,95.55,adult,uncertain,3,16,24,individual,CTmax,32.41909814,35.77188329,std_dev,0.286472149,0.625994695,8,8,48,21.06,-28.24,-2.08,49.3,upper,0.419098144
34,Bugg_et_al_2020,Acipenser fulvescens,Chordata,sturgeon,2,freshwater,NA,1,BR,56.05,96.905,adult,uncertain,3,16,24,individual,CTmax,32.12201592,34.8806366,std_dev,0.48,0.381962865,8,8,48,23.28333333,-22.5,0.483333333,45.78333333,upper,0.344827585
37,Campbell_Staton_et_al_2018,Anolis_carolinensis,Chordata,lizard,5,terrestrial,uncertain,<1,Hodgen,34.784382,-94.694722,adult,uncertain,2,20,30,individual,CTmin,6.02911208,7.79767103,std_err,0.356623,0.43668122,10,10,108,32.18,-0.18,16.2,32.36,lower,0.176855895
38,Campbell_Staton_et_al_2018,Anolis_carolinensis,Chordata,lizard,5,terrestrial,uncertain,<1,Arlington,32.768686,-97.08369,adult,uncertain,2,20,30,individual,CTmin,6.356623,8.30349345,std_err,0.29112082,0.5713246,9,9,108,34.6,2.5,18.9,32.1,lower,0.194687045
39,Campbell_Staton_et_al_2018,Anolis_carolinensis,Chordata,lizard,5,terrestrial,uncertain,<1,Austin,30.24407,-97.720786,adult,uncertain,2,20,30,individual,CTmin,6.45487627,8.43085881,std_err,0.3202329,0.28384279,12,14,108,34.7,5.45,20.6,29.25,lower,0.197598254
40,Campbell_Staton_et_al_2018,Anolis_carolinensis,Chordata,lizard,5,terrestrial,uncertain,<1,Victoria,28.818269,-97.024316,adult,uncertain,2,20,30,individual,CTmin,7.10262009,9.64628821,std_err,0.55676856,0.37117904,10,15,108,32.825,8.05,21.5,24.775,lower,0.254366812
41,Campbell_Staton_et_al_2018,Anolis_carolinensis,Chordata,lizard,5,terrestrial,uncertain,<1,Brownsville,25.894346,-97.489169,adult,uncertain,2,20,30,individual,CTmin,8.36535662,10.1229985,std_err,0.505822416,0.64774381,10,9,108,32.025,13.55,23.8,18.475,lower,0.175764188
42,Castaneda_et_al_2016,Drosophila subobscura,Arthropoda,fruit fly,5,terrestrial,NA,1,CU,35,71.21666667,adult,female,2,13,18,individual,knockdown temperature,36.33333333,35.63333333,std_dev,0.758098044,0.718395402,30,30,300,27.4,-4.7,11.825,32.1,upper,-0.14
43,Castaneda_et_al_2016,Drosophila subobscura,Arthropoda,fruit fly,5,terrestrial,NA,1,CH,36.6,72.1,adult,female,2,13,18,individual,knockdown temperature,35.8,35.78571429,std_dev,0.761124395,0.832539304,30,30,300,5.3,-28.775,-13.5,34.075,upper,-0.002857143
44,Castaneda_et_al_2016,Drosophila subobscura,Arthropoda,fruit fly,5,terrestrial,NA,1,VD,39.8,73.2,adult,female,2,13,18,individual,knockdown temperature,35.66666667,36.23333333,std_dev,0.884086645,0.678910554,30,30,300,14.65,-18.85,-1.225,33.5,upper,0.113333333
45,Castaneda_et_al_2016,Drosophila subobscura,Arthropoda,fruit fly,5,terrestrial,NA,1,VD,39.8,73.2,adult,female,2,13,18,individual,knockdown temperature,35.66666667,35.66666667,std_dev,0.884086645,0.758098044,30,30,300,14.65,-18.85,-1.225,33.5,upper,0
46,Castaneda_et_al_2016,Drosophila subobscura,Arthropoda,fruit fly,5,terrestrial,NA,1,PM,41.5,72.95,adult,female,2,13,18,individual,knockdown temperature,36.1,35.7,std_dev,0.758855763,0.91538573,30,30,300,12.925,-20.5,-3.675,33.425,upper,-0.08
47,Chen_et_al_2001,Buergeria_japonica,Chordata,frog,2,terrestrial,uncertain,<1,Chukou,23.45,120.605,juvenile,uncertain,2,22,32,individual,CTmax,42.42424,43.95455,std_err,0.689394,0.212121,12,12,48,29.05,11.55,21.325,17.5,upper,0.153031
48,Chen_et_al_2001,Buergeria_japonica,Chordata,frog,2,terrestrial,uncertain,<1,Jentse,24.553,121.5,juvenile,uncertain,2,22,32,individual,CTmax,44.45455,43.93182,std_err,0.348485,0.704545,12,12,48,28.325,9.85,19.25,18.475,upper,-0.052273
49,Darveau_et_al_2012,Couesius_plumbeus,Chordata,lake_chub,3,freshwater,direct,<1,Atlin_warm_spring,59.40388333,-133.5753361,adult,uncertain,4,5,10,individual,CTmin,0.214285714,3.833333333,std_err,0.349854227,0.577259475,11,11,121,16.9875,-14.0125,0.75,31,lower,0.723809524
50,Darveau_et_al_2012,Couesius_plumbeus,Chordata,lake_chub,3,freshwater,direct,<1,liard_hot_spring,59.428525,-126.0884222,adult,uncertain,4,5,10,individual,CTmin,0.30952381,2.404761905,std_err,0.157434402,0.594752187,11,11,121,20.2625,-19.0625,0.4375,39.325,lower,0.419047619
51,Darveau_et_al_2012,Couesius_plumbeus,Chordata,lake_chub,3,freshwater,direct,<1,green_lake,51.37627778,-121.2630472,adult,uncertain,4,5,10,individual,CTmin,-0.119047619,2.261904762,std_err,0.174927114,0.629737609,11,11,121,22.53333333,-10.23333333,4.733333333,32.76666667,lower,0.476190476
52,Darveau_et_al_2012,Couesius_plumbeus,Chordata,lake_chub,3,freshwater,direct,<1,Atlin_warm_spring,59.40388333,-133.5753361,adult,uncertain,4,5,20,individual,CTmin,0.214285714,4.095238095,std_err,0.349854227,0.489795918,11,11,121,16.9875,-14.0125,0.75,31,lower,0.258730159
53,Darveau_et_al_2012,Couesius_plumbeus,Chordata,lake_chub,3,freshwater,direct,<1,liard_hot_spring,59.428525,-126.0884222,adult,uncertain,4,5,20,individual,CTmin,0.30952381,3.5,std_err,0.157434402,0.209912536,11,11,121,20.2625,-19.0625,0.4375,39.325,lower,0.212698413
54,Darveau_et_al_2012,Couesius_plumbeus,Chordata,lake_chub,3,freshwater,direct,<1,green_lake,51.37627778,-121.2630472,adult,uncertain,4,5,20,individual,CTmin,-0.119047619,2.428571429,std_err,0.174927114,0.402332362,11,11,121,22.53333333,-10.23333333,4.733333333,32.76666667,lower,0.16984127
55,Darveau_et_al_2012,Couesius_plumbeus,Chordata,lake_chub,3,freshwater,direct,<1,Atlin_warm_spring,59.40388333,-133.5753361,adult,uncertain,4,5,25,individual,CTmin,0.214285714,8.285714286,std_err,0.349854227,0.734693878,11,11,121,16.9875,-14.0125,0.75,31,lower,0.403571429
56,Darveau_et_al_2012,Couesius_plumbeus,Chordata,lake_chub,3,freshwater,direct,<1,liard_hot_spring,59.428525,-126.0884222,adult,uncertain,4,5,25,individual,CTmin,0.30952381,6.119047619,std_err,0.157434402,0.489795918,11,11,121,20.2625,-19.0625,0.4375,39.325,lower,0.29047619
57,Darveau_et_al_2012,Couesius_plumbeus,Chordata,lake_chub,3,freshwater,direct,<1,green_lake,51.37627778,-121.2630472,adult,uncertain,4,5,25,individual,CTmin,-0.119047619,4.785714286,std_err,0.174927114,0.577259475,11,11,121,22.53333333,-10.23333333,4.733333333,32.76666667,lower,0.245238095
67,Darveau_et_al_2012,Couesius_plumbeus,Chordata,lake_chub,3,freshwater,direct,<1,Atlin_warm_spring,59.40388333,-133.5753361,adult,uncertain,4,5,10,individual,CTmax,25.84557439,26.37288136,std_err,0.2,0.5,11,11,121,16.9875,-14.0125,0.75,31,upper,0.105461394
68,Darveau_et_al_2012,Couesius_plumbeus,Chordata,lake_chub,3,freshwater,direct,<1,liard_hot_spring,59.428525,-126.0884222,adult,uncertain,4,5,10,individual,CTmax,26.76836158,27.45386064,std_err,0.16,0.26,11,11,121,20.2625,-19.0625,0.4375,39.325,upper,0.137099812
69,Darveau_et_al_2012,Couesius_plumbeus,Chordata,lake_chub,3,freshwater,direct,<1,green_lake,51.37627778,-121.2630472,adult,uncertain,4,5,10,individual,CTmax,26.16195857,26.18832392,std_err,0.16,0.16,11,11,121,22.53333333,-10.23333333,4.733333333,32.76666667,upper,0.00527307
70,Darveau_et_al_2012,Couesius_plumbeus,Chordata,lake_chub,3,freshwater,direct,<1,Atlin_warm_spring,59.40388333,-133.5753361,adult,uncertain,4,5,20,individual,CTmax,25.84557439,32.14689266,std_err,0.2,0.26,11,11,121,16.9875,-14.0125,0.75,31,upper,0.420087885
71,Darveau_et_al_2012,Couesius_plumbeus,Chordata,lake_chub,3,freshwater,direct,<1,liard_hot_spring,59.428525,-126.0884222,adult,uncertain,4,5,20,individual,CTmax,26.76836158,32.2787194,std_err,0.16,0.24,11,11,121,20.2625,-19.0625,0.4375,39.325,upper,0.367357188
72,Darveau_et_al_2012,Couesius_plumbeus,Chordata,lake_chub,3,freshwater,direct,<1,green_lake,51.37627778,-121.2630472,adult,uncertain,4,5,20,individual,CTmax,26.16195857,32.04143126,std_err,0.16,0.22,11,11,121,22.53333333,-10.23333333,4.733333333,32.76666667,upper,0.391964846
73,Darveau_et_al_2012,Couesius_plumbeus,Chordata,lake_chub,3,freshwater,direct,<1,Atlin_warm_spring,59.40388333,-133.5753361,adult,uncertain,4,5,25,individual,CTmax,25.84557439,35.70621469,std_err,0.2,0.34,11,11,121,16.9875,-14.0125,0.75,31,upper,0.493032015
74,Darveau_et_al_2012,Couesius_plumbeus,Chordata,lake_chub,3,freshwater,direct,<1,liard_hot_spring,59.428525,-126.0884222,adult,uncertain,4,5,25,individual,CTmax,26.76836158,35.94350282,std_err,0.16,0.16,11,11,121,20.2625,-19.0625,0.4375,39.325,upper,0.458757062
75,Darveau_et_al_2012,Couesius_plumbeus,Chordata,lake_chub,3,freshwater,direct,<1,green_lake,51.37627778,-121.2630472,adult,uncertain,4,5,25,individual,CTmax,26.16195857,35.41619586,std_err,0.16,0.12,11,11,121,22.53333333,-10.23333333,4.733333333,32.76666667,upper,0.462711865
85,Diamond_et_al_2018,Temnothorax_curvispinosus,Arthropoda,ant,3,terrestrial,direct,1,Cin_rural,39.17,-84.568,adult,female,5,21,23,population,CTmax,47.8,47.2,std_err,0.374165739,0.489897949,5,5,157,29.22,-4.46,12.42,33.68,upper,-0.3
86,Diamond_et_al_2018,Temnothorax_curvispinosus,Arthropoda,ant,3,terrestrial,direct,1,Cin_urban,39.142,-84.526,adult,female,5,21,23,population,CTmax,46.8,47.8,std_err,0.374165739,0.2,5,5,157,29.325,-4.3,12.525,33.625,upper,0.5
87,Diamond_et_al_2018,Temnothorax_curvispinosus,Arthropoda,ant,3,terrestrial,direct,1,Cle_rural,41.544,-81.376,adult,female,5,21,23,population,CTmax,47.2,47,std_err,0.374165739,0,5,5,157,25.78,-6.04,9.56,31.82,upper,-0.1
88,Diamond_et_al_2018,Temnothorax_curvispinosus,Arthropoda,ant,3,terrestrial,direct,1,Cle_urban,41.51333333,-81.60333333,adult,female,5,21,23,population,CTmax,47.5,47.33333333,std_err,0.5,0.210818511,6,6,157,26.75,-5.45,10.375,32.2,upper,-0.083333335
89,Diamond_et_al_2018,Temnothorax_curvispinosus,Arthropoda,ant,3,terrestrial,direct,1,Knx_rural,35.79666667,-83.94333333,adult,female,5,21,23,population,CTmax,47.66666667,47.42857143,std_err,0.666666667,0.297380857,3,7,157,29.64,-0.14,15,29.78,upper,-0.11904762
90,Diamond_et_al_2018,Temnothorax_curvispinosus,Arthropoda,ant,3,terrestrial,direct,1,Knx_urban,35.9,-83.96,adult,female,5,21,23,population,CTmax,46.75,47.4,std_err,0.25,0.4,4,5,157,29.675,-0.175,15.025,29.85,upper,0.325
91,Diamond_et_al_2018,Temnothorax_curvispinosus,Arthropoda,ant,3,terrestrial,direct,1,Cin_rural,39.17,-84.565,adult,female,5,21,25,population,CTmax,47.8,47.5,std_err,0.374165739,0.5,4,4,157,29.24,-4.44,12.44,33.68,upper,-0.075
92,Diamond_et_al_2018,Temnothorax_curvispinosus,Arthropoda,ant,3,terrestrial,direct,1,Cin_urban,39.13857143,-84.51571429,adult,female,5,21,25,population,CTmax,46.8,47.42857143,std_err,0.374165739,0.297380857,7,7,157,29.24,-4.36,12.46,33.6,upper,0.157142858
93,Diamond_et_al_2018,Temnothorax_curvispinosus,Arthropoda,ant,3,terrestrial,direct,1,Cle_rural,41.56285714,-81.35714286,adult,female,5,21,25,population,CTmax,47.2,47.57142857,std_err,0.374165739,0.297380857,7,7,157,25.76,-6.04,9.56,31.8,upper,0.092857142
94,Diamond_et_al_2018,Temnothorax_curvispinosus,Arthropoda,ant,3,terrestrial,direct,1,Cle_urban,41.51,-81.61,adult,female,5,21,25,population,CTmax,47.5,47.55555556,std_err,0.5,0.293972368,9,9,157,26.76,-5.46,10.38,32.22,upper,0.01388889
95,Diamond_et_al_2018,Temnothorax_curvispinosus,Arthropoda,ant,3,terrestrial,direct,1,Knx_rural,35.695,-83.81,adult,female,5,21,25,population,CTmax,47.66666667,48,std_err,0.666666667,0.40824829,4,4,157,28.8,-0.82,14.2,29.62,upper,0.083333333
96,Diamond_et_al_2018,Temnothorax_curvispinosus,Arthropoda,ant,3,terrestrial,direct,1,Knx_urban,35.9,-83.96,adult,female,5,21,25,population,CTmax,46.75,47,std_err,0.25,0.316227766,5,5,157,29.675,-0.175,15.025,29.85,upper,0.0625
97,Diamond_et_al_2018,Temnothorax_curvispinosus,Arthropoda,ant,3,terrestrial,direct,1,Cin_rural,39.17,-84.5675,adult,female,5,21,27,population,CTmax,47.8,47,std_err,0.374165739,0,4,4,157,29.225,-4.45,12.425,33.675,upper,-0.133333333
98,Diamond_et_al_2018,Temnothorax_curvispinosus,Arthropoda,ant,3,terrestrial,direct,1,Cin_urban,39.14,-84.51,adult,female,5,21,27,population,CTmax,46.8,47.4,std_err,0.374165739,0.4,5,5,157,29.24,-4.38,12.46,33.62,upper,0.1
99,Diamond_et_al_2018,Temnothorax_curvispinosus,Arthropoda,ant,3,terrestrial,direct,1,Cle_rural,41.53142857,-81.38857143,adult,female,5,21,27,population,CTmax,47.2,47.57142857,std_err,0.374165739,0.202030509,7,7,157,25.9,-5.98,9.64,31.88,upper,0.061904762
100,Diamond_et_al_2018,Temnothorax_curvispinosus,Arthropoda,ant,3,terrestrial,direct,1,Cle_urban,41.51571429,-81.59857143,adult,female,5,21,27,population,CTmax,47.5,47.57142857,std_err,0.5,0.202030509,7,7,157,26.68,-5.48,10.34,32.16,upper,0.011904762
101,Diamond_et_al_2018,Temnothorax_curvispinosus,Arthropoda,ant,3,terrestrial,direct,1,Knx_rural,35.76,-83.85666667,adult,female,5,21,27,population,CTmax,47.66666667,47.33333333,std_err,0.666666667,0.333333333,6,6,157,29.55,-0.2,14.95,29.75,upper,-0.055555557
102,Diamond_et_al_2018,Temnothorax_curvispinosus,Arthropoda,ant,3,terrestrial,direct,1,Knx_urban,35.9,-83.96,adult,female,5,21,27,population,CTmax,46.75,47.33333333,std_err,0.25,0.333333333,3,3,157,29.675,-0.175,15.025,29.85,upper,0.097222222
103,Diamond_et_al_2018,Temnothorax_curvispinosus,Arthropoda,ant,3,terrestrial,direct,1,Cin_rural,39.17,-84.56333333,adult,female,5,21,29,population,CTmax,47.8,47.33333333,std_err,0.374165739,0.333333333,3,3,157,29.225,-4.45,12.425,33.675,upper,-0.058333334
104,Diamond_et_al_2018,Temnothorax_curvispinosus,Arthropoda,ant,3,terrestrial,direct,1,Cin_urban,39.1475,-84.53,adult,female,5,21,29,population,CTmax,46.8,47.25,std_err,0.374165739,0.25,4,4,157,29.46,-4.22,12.66,33.68,upper,0.05625
105,Diamond_et_al_2018,Temnothorax_curvispinosus,Arthropoda,ant,3,terrestrial,direct,1,Cle_rural,41.544,-81.376,adult,female,5,21,29,population,CTmax,47.2,47.8,std_err,0.374165739,0.2,5,5,157,25.78,-6.04,9.56,31.82,upper,0.075
106,Diamond_et_al_2018,Temnothorax_curvispinosus,Arthropoda,ant,3,terrestrial,direct,1,Cle_urban,41.51333333,-81.60333333,adult,female,5,21,29,population,CTmax,47.5,48,std_err,0.5,0.25819889,6,6,157,26.75,-5.45,10.375,32.2,upper,0.0625
107,Diamond_et_al_2018,Temnothorax_curvispinosus,Arthropoda,ant,3,terrestrial,direct,1,Knx_rural,35.74,-83.788,adult,female,5,21,29,population,CTmax,47.66666667,47.4,std_err,0.666666667,0.678232998,5,5,157,28.96,-0.68,14.36,29.64,upper,-0.033333334
108,Diamond_et_al_2018,Temnothorax_curvispinosus,Arthropoda,ant,3,terrestrial,direct,1,Knx_urban,35.912,-83.952,adult,female,5,21,29,population,CTmax,46.75,47.6,std_err,0.25,0.244948974,5,5,157,29.52,-0.3,14.88,29.82,upper,0.10625
145,Diamond_et_al_2018,Temnothorax_curvispinosus,Arthropoda,ant,3,terrestrial,direct,1,Cin_rural,39.17092767,-84.56699133,adult,female,5,21,23,population,CTmin,7.166666667,6.666666667,std_err,0.477260702,0.421637021,6,6,150,29.075,-4.6,12.275,33.675,lower,-0.25
146,Diamond_et_al_2018,Temnothorax_curvispinosus,Arthropoda,ant,3,terrestrial,direct,1,Cin_urban,39.1496268,-84.535818,adult,female,5,21,23,population,CTmin,5.6,9,std_err,0.979795897,5,5,2,150,29.54,-4.16,12.74,33.7,lower,1.7
147,Diamond_et_al_2018,Temnothorax_curvispinosus,Arthropoda,ant,3,terrestrial,direct,1,Cle_rural,41.572007,-81.349941,adult,female,5,21,23,population,CTmin,4.666666667,4.571428571,std_err,0.614636297,0.611677742,6,7,150,25.75,-6,9.55,31.75,lower,-0.047619048
148,Diamond_et_al_2018,Temnothorax_curvispinosus,Arthropoda,ant,3,terrestrial,direct,1,Cle_urban,41.5126768,-81.605684,adult,female,5,21,23,population,CTmin,6,5.857142857,std_err,0.547722558,0.553283335,5,7,150,26.74,-5.46,10.36,32.2,lower,-0.071428571
149,Diamond_et_al_2018,Temnothorax_curvispinosus,Arthropoda,ant,3,terrestrial,direct,1,Knx_rural,35.71111833,-83.85056133,adult,female,5,21,23,population,CTmin,7,6.4,std_err,0.966091783,0.6,6,5,150,28.575,-1.025,14,29.6,lower,-0.3
150,Diamond_et_al_2018,Temnothorax_curvispinosus,Arthropoda,ant,3,terrestrial,direct,1,Knx_urban,35.898203,-83.95666,adult,female,5,21,23,population,CTmin,7.666666667,8.75,std_err,1.666666667,0.478713554,3,4,150,29.675,-0.175,15.025,29.85,lower,0.541666667
151,Diamond_et_al_2018,Temnothorax_curvispinosus,Arthropoda,ant,3,terrestrial,direct,1,Cin_rural,39.17092767,-84.56699133,adult,female,5,21,25,population,CTmin,7.166666667,7.333333333,std_err,0.477260702,1.452966315,3,3,150,29.075,-4.6,12.275,33.675,lower,0.041666666
152,Diamond_et_al_2018,Temnothorax_curvispinosus,Arthropoda,ant,3,terrestrial,direct,1,Cin_urban,39.14613467,-84.524552,adult,female,5,21,25,population,CTmin,5.6,6,std_err,0.979795897,1,3,3,150,29.35,-4.325,12.55,33.675,lower,0.1
153,Diamond_et_al_2018,Temnothorax_curvispinosus,Arthropoda,ant,3,terrestrial,direct,1,Cle_rural,41.5536105,-81.3685685,adult,female,5,21,25,population,CTmin,4.666666667,4.833333333,std_err,0.614636297,0.477260702,6,6,150,25.74,-6.08,9.52,31.82,lower,0.041666666
154,Diamond_et_al_2018,Temnothorax_curvispinosus,Arthropoda,ant,3,terrestrial,direct,1,Cle_urban,41.508968,-81.613669,adult,female,5,21,25,population,CTmin,6,7,std_err,0.547722558,1.303840481,5,5,150,26.76666667,-5.466666667,10.38333333,32.23333333,lower,0.25
155,Diamond_et_al_2018,Temnothorax_curvispinosus,Arthropoda,ant,3,terrestrial,direct,1,Knx_rural,35.72059833,-83.76725333,adult,female,5,21,25,population,CTmin,7,7,std_err,0.966091783,0,3,3,150,28.3,-1.225,13.75,29.525,lower,0
156,Diamond_et_al_2018,Temnothorax_curvispinosus,Arthropoda,ant,3,terrestrial,direct,1,Knx_urban,35.898203,-83.95666,adult,female,5,21,25,population,CTmin,7.666666667,8.5,std_err,1.666666667,0.428174419,6,6,150,29.675,-0.175,15.025,29.85,lower,0.208333333
157,Diamond_et_al_2018,Temnothorax_curvispinosus,Arthropoda,ant,3,terrestrial,direct,1,Cin_rural,39.17092767,-84.56699133,adult,female,5,21,27,population,CTmin,7.166666667,8,std_err,0.477260702,1.154700538,3,3,150,29.075,-4.6,12.275,33.675,lower,0.138888889
158,Diamond_et_al_2018,Temnothorax_curvispinosus,Arthropoda,ant,3,terrestrial,direct,1,Cin_urban,39.13690443,-84.51774014,adult,female,5,21,27,population,CTmin,5.6,5.714285714,std_err,0.979795897,0.644178536,7,7,150,29.15,-4.45,12.35,33.6,lower,0.019047619
159,Diamond_et_al_2018,Temnothorax_curvispinosus,Arthropoda,ant,3,terrestrial,direct,1,Cle_rural,41.54572629,-81.37655171,adult,female,5,21,27,population,CTmin,4.666666667,5.571428571,std_err,0.614636297,0.480928807,7,7,150,25.78,-6.02,9.58,31.8,lower,0.150793651
160,Diamond_et_al_2018,Temnothorax_curvispinosus,Arthropoda,ant,3,terrestrial,direct,1,Cle_urban,41.5126768,-81.605684,adult,female,5,21,27,population,CTmin,6,6.6,std_err,0.547722558,0.871779789,5,5,150,26.74,-5.46,10.36,32.2,lower,0.1
161,Diamond_et_al_2018,Temnothorax_curvispinosus,Arthropoda,ant,3,terrestrial,direct,1,Knx_rural,35.7888258,-83.839272,adult,female,5,21,27,population,CTmin,7,8.6,std_err,0.966091783,0.509901951,5,5,150,29.4,-0.32,14.78,29.72,lower,0.266666667
162,Diamond_et_al_2018,Temnothorax_curvispinosus,Arthropoda,ant,3,terrestrial,direct,1,Knx_urban,35.898203,-83.95666,adult,female,5,21,27,population,CTmin,7.666666667,10.5,std_err,1.666666667,1.5,2,2,150,29.675,-0.175,15.025,29.85,lower,0.472222222
163,Diamond_et_al_2018,Temnothorax_curvispinosus,Arthropoda,ant,3,terrestrial,direct,1,Cin_rural,39.1714245,-84.56780575,adult,female,5,21,29,population,CTmin,7.166666667,6.75,std_err,0.477260702,1.030776406,4,4,150,29.1,-4.58,12.3,33.68,lower,-0.052083333
164,Diamond_et_al_2018,Temnothorax_curvispinosus,Arthropoda,ant,3,terrestrial,direct,1,Cin_urban,39.1422926,-84.5282332,adult,female,5,21,29,population,CTmin,5.6,6,std_err,0.979795897,0.948683298,5,5,150,29.43333333,-4.216666667,12.63333333,33.65,lower,0.05
165,Diamond_et_al_2018,Temnothorax_curvispinosus,Arthropoda,ant,3,terrestrial,direct,1,Cle_rural,41.5425726,-81.379745,adult,female,5,21,29,population,CTmin,4.666666667,5.4,std_err,0.614636297,0.4,5,5,150,25.8,-6.033333333,9.566666667,31.83333333,lower,0.091666667
166,Diamond_et_al_2018,Temnothorax_curvispinosus,Arthropoda,ant,3,terrestrial,direct,1,Cle_urban,41.51161714,-81.60796543,adult,female,5,21,29,population,CTmin,6,7.857142857,std_err,0.547722558,0.670059394,7,7,150,26.75,-5.475,10.375,32.225,lower,0.232142857
167,Diamond_et_al_2018,Temnothorax_curvispinosus,Arthropoda,ant,3,terrestrial,direct,1,Knx_rural,35.74496529,-83.79297429,adult,female,5,21,29,population,CTmin,7,9.428571429,std_err,0.966091783,0.297380857,7,7,150,29,-0.65,14.375,29.65,lower,0.303571429
168,Diamond_et_al_2018,Temnothorax_curvispinosus,Arthropoda,ant,3,terrestrial,direct,1,Knx_urban,35.898203,-83.95666,adult,female,5,21,29,population,CTmin,7.666666667,11.2,std_err,1.666666667,1.113552873,5,5,150,29.675,-0.175,15.025,29.85,lower,0.441666667
205,Diamond_et_al_2018,Temnothorax_curvispinosus,Arthropoda,ant,3,terrestrial,direct,1,Cin_rural,39.17084655,-84.56685837,adult,uncertain,5,21,23,population,CTmax,46.71428571,47.04807692,std_err,0.087029671,0.077752945,11,11,260,29.075,-4.6,12.275,33.675,upper,0.166895605
206,Diamond_et_al_2018,Temnothorax_curvispinosus,Arthropoda,ant,3,terrestrial,direct,1,Cin_urban,39.14345981,-84.52711486,adult,uncertain,5,21,23,population,CTmax,46.78481013,46.76470588,std_err,0.10759971,0.116876316,8,7,260,29.38,-4.26,12.58,33.64,upper,-0.010052125
207,Diamond_et_al_2018,Temnothorax_curvispinosus,Arthropoda,ant,3,terrestrial,direct,1,Cle_rural,41.56740788,-81.35459788,adult,uncertain,5,21,23,population,CTmax,46.875,46.93243243,std_err,0.0802981,0.086759681,8,8,260,25.76666667,-6.033333333,9.566666667,31.8,upper,0.028716215
208,Diamond_et_al_2018,Temnothorax_curvispinosus,Arthropoda,ant,3,terrestrial,direct,1,Cle_urban,41.51089967,-81.60951015,adult,uncertain,5,21,23,population,CTmax,46.98958333,47.14942529,std_err,0.090678234,0.085782614,10,9,260,26.76,-5.46,10.38,32.22,upper,0.07992098
209,Diamond_et_al_2018,Temnothorax_curvispinosus,Arthropoda,ant,3,terrestrial,direct,1,Knx_rural,35.72657913,-83.86933689,adult,uncertain,5,21,23,population,CTmax,47.48684211,47.45454545,std_err,0.126343199,0.088823743,8,10,260,29.22,-0.48,14.6,29.7,upper,-0.01614833
210,Diamond_et_al_2018,Temnothorax_curvispinosus,Arthropoda,ant,3,terrestrial,direct,1,Knx_urban,35.9058239,-83.95237526,adult,uncertain,5,21,23,population,CTmax,47.23076923,47.3125,std_err,0.079381301,0.070247641,8,8,260,29.6,-0.24,14.94,29.84,upper,0.040865385
211,Diamond_et_al_2018,Temnothorax_curvispinosus,Arthropoda,ant,3,terrestrial,direct,1,Cin_rural,39.17056158,-84.56639124,adult,uncertain,5,21,25,population,CTmax,46.71428571,47.42105263,std_err,0.087029671,0.070743316,8,8,260,29.2,-4.48,12.4,33.68,upper,0.17669173
212,Diamond_et_al_2018,Temnothorax_curvispinosus,Arthropoda,ant,3,terrestrial,direct,1,Cin_urban,39.13682111,-84.521299,adult,uncertain,5,21,25,population,CTmax,46.78481013,47.27777778,std_err,0.10759971,0.086588524,9,9,260,29.24,-4.36,12.44,33.6,upper,0.123241913
213,Diamond_et_al_2018,Temnothorax_curvispinosus,Arthropoda,ant,3,terrestrial,direct,1,Cle_rural,41.55862773,-81.36348827,adult,uncertain,5,21,25,population,CTmax,46.875,47.27272727,std_err,0.0802981,0.052936923,9,9,260,25.7,-6.116666667,9.483333333,31.81666667,upper,0.099431817
214,Diamond_et_al_2018,Temnothorax_curvispinosus,Arthropoda,ant,3,terrestrial,direct,1,Cle_urban,41.508968,-81.613669,adult,uncertain,5,21,25,population,CTmax,46.98958333,47.43010753,std_err,0.090678234,0.077050965,10,10,260,26.76666667,-5.466666667,10.38333333,32.23333333,upper,0.11013105
215,Diamond_et_al_2018,Temnothorax_curvispinosus,Arthropoda,ant,3,terrestrial,direct,1,Knx_rural,35.74090243,-83.82867771,adult,uncertain,5,21,25,population,CTmax,47.48684211,47.72857143,std_err,0.126343199,0.17846995,7,7,260,29.33333333,-0.383333333,14.71666667,29.71666667,upper,0.06043233
216,Diamond_et_al_2018,Temnothorax_curvispinosus,Arthropoda,ant,3,terrestrial,direct,1,Knx_urban,35.898203,-83.95666,adult,uncertain,5,21,25,population,CTmax,47.23076923,47.58571429,std_err,0.079381301,0.074746936,7,7,260,29.675,-0.175,15.025,29.85,upper,0.088736265
217,Diamond_et_al_2018,Temnothorax_curvispinosus,Arthropoda,ant,3,terrestrial,direct,1,Cin_rural,39.17032907,-84.56601011,adult,uncertain,5,21,27,population,CTmax,46.71428571,47.15662651,std_err,0.087029671,0.052785829,9,9,260,29.225,-4.45,12.425,33.675,upper,0.073723467
218,Diamond_et_al_2018,Temnothorax_curvispinosus,Arthropoda,ant,3,terrestrial,direct,1,Cin_urban,39.13456563,-84.51737175,adult,uncertain,5,21,27,population,CTmax,46.78481013,47.475,std_err,0.10759971,0.068839843,8,8,260,29.15,-4.45,12.35,33.6,upper,0.115031645
219,Diamond_et_al_2018,Temnothorax_curvispinosus,Arthropoda,ant,3,terrestrial,direct,1,Cle_rural,41.54301858,-81.37929342,adult,uncertain,5,21,27,population,CTmax,46.875,47.50505051,std_err,0.0802981,0.05984543,10,10,260,25.8,-6.033333333,9.566666667,31.83333333,upper,0.105008418
220,Diamond_et_al_2018,Temnothorax_curvispinosus,Arthropoda,ant,3,terrestrial,direct,1,Cle_urban,41.51205867,-81.60701483,adult,uncertain,5,21,27,population,CTmax,46.98958333,47.85714286,std_err,0.090678234,0.081478832,9,9,260,26.74,-5.46,10.36,32.2,upper,0.144593255
221,Diamond_et_al_2018,Temnothorax_curvispinosus,Arthropoda,ant,3,terrestrial,direct,1,Knx_rural,35.74586644,-83.82503044,adult,uncertain,5,21,27,population,CTmax,47.48684211,48.06666667,std_err,0.126343199,0.081802417,9,9,260,29.325,-0.4,14.7,29.725,upper,0.096637427
222,Diamond_et_al_2018,Temnothorax_curvispinosus,Arthropoda,ant,3,terrestrial,direct,1,Knx_urban,35.90707509,-83.95167179,adult,uncertain,5,21,27,population,CTmax,47.23076923,48.13432836,std_err,0.079381301,0.101760892,7,7,260,29.575,-0.25,14.925,29.825,upper,0.150593188
223,Diamond_et_al_2018,Temnothorax_curvispinosus,Arthropoda,ant,3,terrestrial,direct,1,Cin_rural,39.17067925,-84.56658413,adult,uncertain,5,21,29,population,CTmax,46.71428571,47.575,std_err,0.087029671,0.077080839,8,8,260,29.2,-4.48,12.4,33.68,upper,0.107589286
224,Diamond_et_al_2018,Temnothorax_curvispinosus,Arthropoda,ant,3,terrestrial,direct,1,Cin_urban,39.14369861,-84.53361524,adult,uncertain,5,21,29,population,CTmax,46.78481013,47.26315789,std_err,0.10759971,0.092467958,8,8,260,29.525,-4.15,12.725,33.675,upper,0.05979347
225,Diamond_et_al_2018,Temnothorax_curvispinosus,Arthropoda,ant,3,terrestrial,direct,1,Cle_rural,41.5462519,-81.3760195,adult,uncertain,5,21,29,population,CTmax,46.875,47.43333333,std_err,0.0802981,0.083688382,10,10,260,25.78,-6.04,9.56,31.82,upper,0.069791666
226,Diamond_et_al_2018,Temnothorax_curvispinosus,Arthropoda,ant,3,terrestrial,direct,1,Cle_urban,41.5106732,-81.60999774,adult,uncertain,5,21,29,population,CTmax,46.98958333,47.8045977,std_err,0.090678234,0.083108352,9,9,260,26.76,-5.46,10.38,32.22,upper,0.101876796
227,Diamond_et_al_2018,Temnothorax_curvispinosus,Arthropoda,ant,3,terrestrial,direct,1,Knx_rural,35.74412505,-83.79208736,adult,uncertain,5,21,29,population,CTmax,47.48684211,47.95402299,std_err,0.126343199,0.10457082,9,9,260,29,-0.65,14.375,29.65,upper,0.05839761
228,Diamond_et_al_2018,Temnothorax_curvispinosus,Arthropoda,ant,3,terrestrial,direct,1,Knx_urban,35.90227444,-83.95437089,adult,uncertain,5,21,29,population,CTmax,47.23076923,48.38356164,std_err,0.079381301,0.081905896,8,8,260,29.65,-0.2,14.975,29.85,upper,0.144099051
266,Diamond_et_al_2018,Temnothorax_curvispinosus,Arthropoda,ant,3,terrestrial,direct,1,Cin_urban,39.14373338,-84.52685275,adult,uncertain,5,21,23,population,CTmin,4.2125,3.9,std_err,0.207222248,0.149740977,8,7,253,29.38,-4.26,12.58,33.64,lower,-0.15625
267,Diamond_et_al_2018,Temnothorax_curvispinosus,Arthropoda,ant,3,terrestrial,direct,1,Cle_rural,41.56043167,-81.36166167,adult,uncertain,5,21,23,population,CTmin,2.101123596,2.666666667,std_err,0.135637698,0.153439055,10,8,253,25.68,-6.12,9.48,31.8,lower,0.282771536
268,Diamond_et_al_2018,Temnothorax_curvispinosus,Arthropoda,ant,3,terrestrial,direct,1,Cle_urban,41.51092,-81.60946637,adult,uncertain,5,21,23,population,CTmin,4.315789474,4.287356322,std_err,0.134074872,0.173727509,10,9,253,26.76,-5.46,10.38,32.22,lower,-0.014216576
269,Diamond_et_al_2018,Temnothorax_curvispinosus,Arthropoda,ant,3,terrestrial,direct,1,Knx_rural,35.72657913,-83.86933689,adult,uncertain,5,21,23,population,CTmin,3.973684211,4.795918367,std_err,0.12838222,0.136807998,8,10,253,29.22,-0.48,14.6,29.7,lower,0.411117078
270,Diamond_et_al_2018,Temnothorax_curvispinosus,Arthropoda,ant,3,terrestrial,direct,1,Knx_urban,35.90592287,-83.95231961,adult,uncertain,5,21,23,population,CTmin,5.506493506,6.0625,std_err,0.12890964,0.139329032,8,8,253,29.6,-0.24,14.94,29.84,lower,0.278003247
271,Diamond_et_al_2018,Temnothorax_curvispinosus,Arthropoda,ant,3,terrestrial,direct,1,Cin_rural,39.17059214,-84.56644134,adult,uncertain,5,21,25,population,CTmin,5.821052632,5.597402597,std_err,0.132153282,0.151614393,8,8,253,29.2,-4.48,12.4,33.68,lower,-0.055912509
272,Diamond_et_al_2018,Temnothorax_curvispinosus,Arthropoda,ant,3,terrestrial,direct,1,Cin_urban,39.13682111,-84.521299,adult,uncertain,5,21,25,population,CTmin,4.2125,5.088888889,std_err,0.207222248,0.186058697,9,9,253,29.24,-4.36,12.44,33.6,lower,0.219097222
273,Diamond_et_al_2018,Temnothorax_curvispinosus,Arthropoda,ant,3,terrestrial,direct,1,Cle_rural,41.55862773,-81.36348827,adult,uncertain,5,21,25,population,CTmin,2.101123596,4.545454545,std_err,0.135637698,0.13121597,9,9,253,25.7,-6.116666667,9.483333333,31.81666667,lower,0.611082737
274,Diamond_et_al_2018,Temnothorax_curvispinosus,Arthropoda,ant,3,terrestrial,direct,1,Cle_urban,41.508968,-81.613669,adult,uncertain,5,21,25,population,CTmin,4.315789474,5.155555556,std_err,0.134074872,0.131172672,9,9,253,26.76666667,-5.466666667,10.38333333,32.23333333,lower,0.209941521
275,Diamond_et_al_2018,Temnothorax_curvispinosus,Arthropoda,ant,3,terrestrial,direct,1,Knx_rural,35.74090243,-83.82867771,adult,uncertain,5,21,25,population,CTmin,3.973684211,5.514285714,std_err,0.12838222,0.118204051,7,7,253,29.33333333,-0.383333333,14.71666667,29.71666667,lower,0.385150376
276,Diamond_et_al_2018,Temnothorax_curvispinosus,Arthropoda,ant,3,terrestrial,direct,1,Knx_urban,35.898203,-83.95666,adult,uncertain,5,21,25,population,CTmin,5.506493506,6.028571429,std_err,0.12890964,0.127032427,7,7,253,29.675,-0.175,15.025,29.85,lower,0.130519481
277,Diamond_et_al_2018,Temnothorax_curvispinosus,Arthropoda,ant,3,terrestrial,direct,1,Cin_rural,39.17032907,-84.56601011,adult,uncertain,5,21,27,population,CTmin,5.821052632,5.975903614,std_err,0.132153282,0.149419391,9,9,253,29.225,-4.45,12.425,33.675,lower,0.025808497
278,Diamond_et_al_2018,Temnothorax_curvispinosus,Arthropoda,ant,3,terrestrial,direct,1,Cin_urban,39.13456563,-84.51737175,adult,uncertain,5,21,27,population,CTmin,4.2125,5.2375,std_err,0.207222248,0.171777518,8,8,253,29.15,-4.45,12.35,33.6,lower,0.170833333
279,Diamond_et_al_2018,Temnothorax_curvispinosus,Arthropoda,ant,3,terrestrial,direct,1,Cle_rural,41.5425726,-81.379745,adult,uncertain,5,21,27,population,CTmin,2.101123596,4.78,std_err,0.135637698,0.118560388,10,10,253,25.8,-6.033333333,9.566666667,31.83333333,lower,0.446479401
280,Diamond_et_al_2018,Temnothorax_curvispinosus,Arthropoda,ant,3,terrestrial,direct,1,Cle_urban,41.511286,-81.60867838,adult,uncertain,5,21,27,population,CTmin,4.315789474,5.3875,std_err,0.134074872,0.137212011,8,8,253,26.75,-5.475,10.375,32.225,lower,0.178618421
281,Diamond_et_al_2018,Temnothorax_curvispinosus,Arthropoda,ant,3,terrestrial,direct,1,Knx_rural,35.74423385,-83.82365663,adult,uncertain,5,21,27,population,CTmin,3.973684211,6.943820225,std_err,0.12838222,0.130175836,9,9,253,29.275,-0.425,14.675,29.7,lower,0.495022669
282,Diamond_et_al_2018,Temnothorax_curvispinosus,Arthropoda,ant,3,terrestrial,direct,1,Knx_urban,35.90669486,-83.95188557,adult,uncertain,5,21,27,population,CTmin,5.506493506,8.671428571,std_err,0.12890964,0.193819011,7,7,253,29.575,-0.25,14.925,29.825,lower,0.527489178
283,Diamond_et_al_2018,Temnothorax_curvispinosus,Arthropoda,ant,3,terrestrial,direct,1,Cin_rural,39.17067925,-84.56658413,adult,uncertain,5,21,29,population,CTmin,5.821052632,5.6125,std_err,0.132153282,0.142861522,8,8,253,29.2,-4.48,12.4,33.68,lower,-0.026069079
284,Diamond_et_al_2018,Temnothorax_curvispinosus,Arthropoda,ant,3,terrestrial,direct,1,Cin_urban,39.14438792,-84.53412395,adult,uncertain,5,21,29,population,CTmin,4.2125,4.864864865,std_err,0.207222248,0.160206647,8,8,253,29.525,-4.15,12.725,33.675,lower,0.081545608
285,Diamond_et_al_2018,Temnothorax_curvispinosus,Arthropoda,ant,3,terrestrial,direct,1,Cle_rural,41.5462519,-81.3760195,adult,uncertain,5,21,29,population,CTmin,2.101123596,5.022222222,std_err,0.135637698,0.128350505,10,10,253,25.78,-6.04,9.56,31.82,lower,0.365137328
286,Diamond_et_al_2018,Temnothorax_curvispinosus,Arthropoda,ant,3,terrestrial,direct,1,Cle_urban,41.51046005,-81.61045664,adult,uncertain,5,21,29,population,CTmin,4.315789474,6.942528736,std_err,0.134074872,0.190916641,9,9,253,26.76,-5.46,10.38,32.22,lower,0.328342408
287,Diamond_et_al_2018,Temnothorax_curvispinosus,Arthropoda,ant,3,terrestrial,direct,1,Knx_rural,35.74763971,-83.79579732,adult,uncertain,5,21,29,population,CTmin,3.973684211,7.512195122,std_err,0.12838222,0.120527675,9,9,253,28.225,-1.275,13.675,29.5,lower,0.442313864
288,Diamond_et_al_2018,Temnothorax_curvispinosus,Arthropoda,ant,3,terrestrial,direct,1,Knx_urban,35.898203,-83.95666,adult,uncertain,5,21,29,population,CTmin,5.506493506,10.13043478,std_err,0.12890964,0.170142415,7,7,253,29.675,-0.175,15.025,29.85,lower,0.577992659
325,Dong_et_al_2015,Cellana_toreuma,Mollusca,limpet,3,intertidal,planktonic,<1,Dagong_Island,35.96667,120.5,uncertain,uncertain,2,25,30,population,CTmax,42.43902,41.77507,std_dev,0.44715,0.71815,500,500,2000,27.4,-2.2,13.3,29.6,upper,-0.13279
326,Dong_et_al_2015,Cellana_toreuma,Mollusca,limpet,3,intertidal,planktonic,<1,Nanding_Island,24.15,117.9833,uncertain,uncertain,2,25,30,population,CTmax,42.96748,42.56098,std_dev,0.3929,0.3525,500,500,2000,30.7,12,22.3,18.7,upper,-0.0813
327,Fangue_et_al_2006,Fundulus_heteroclitus,Chordata,killfish,2,ocean,direct,<1,NH,42.896804,-70.821065,adult,uncertain,7,2,7,individual,CTmin,-1.1,-1.1,std_dev,0,0,15,15,450,20.139793,2.809211,11.043438,17.330582,lower,0
328,Fangue_et_al_2006,Fundulus_heteroclitus,Chordata,killfish,2,ocean,direct,<1,NH,42.896804,-70.821065,adult,uncertain,7,2,12,individual,CTmin,-1.1,-1.1,std_dev,0,0,15,15,450,20.139793,2.809211,11.043438,17.330582,lower,0
329,Fangue_et_al_2006,Fundulus_heteroclitus,Chordata,killfish,2,ocean,direct,<1,NH,42.896804,-70.821065,adult,uncertain,7,2,22,individual,CTmin,-1.1,1.7,std_dev,0,0.9,15,15,450,20.139793,2.809211,11.043438,17.330582,lower,0.14
330,Fangue_et_al_2006,Fundulus_heteroclitus,Chordata,killfish,2,ocean,direct,<1,NH,42.896804,-70.821065,adult,uncertain,7,2,26,individual,CTmin,-1.1,3.8,std_dev,0,0.36,15,15,450,20.139793,2.809211,11.043438,17.330582,lower,0.204166667
331,Fangue_et_al_2006,Fundulus_heteroclitus,Chordata,killfish,2,ocean,direct,<1,NH,42.896804,-70.821065,adult,uncertain,7,2,32,individual,CTmin,-1.1,5.5,std_dev,0,0.49,15,15,450,20.139793,2.809211,11.043438,17.330582,lower,0.22
332,Fangue_et_al_2006,Fundulus_heteroclitus,Chordata,killfish,2,ocean,direct,<1,NH,42.896804,-70.821065,adult,uncertain,7,2,34,individual,CTmin,-1.1,8.6,std_dev,0,0.49,15,15,450,20.139793,2.809211,11.043438,17.330582,lower,0.303125
348,Fangue_et_al_2006,Fundulus_heteroclitus,Chordata,killfish,2,ocean,direct,<1,GA,31.12527778,-81.436621,adult,uncertain,7,2,7,individual,CTmin,-1.1,-1.1,std_dev,0,0,15,15,450,29.479265,13.438733,22.371168,16.040532,lower,0
349,Fangue_et_al_2006,Fundulus_heteroclitus,Chordata,killfish,2,ocean,direct,<1,GA,31.12527778,-81.436621,adult,uncertain,7,2,12,individual,CTmin,-1.1,-1,std_dev,0,0.41,15,15,450,29.479265,13.438733,22.371168,16.040532,lower,0.01
350,Fangue_et_al_2006,Fundulus_heteroclitus,Chordata,killfish,2,ocean,direct,<1,GA,31.12527778,-81.436621,adult,uncertain,7,2,22,individual,CTmin,-1.1,2.9,std_dev,0,0.73,15,15,450,29.479265,13.438733,22.371168,16.040532,lower,0.2
351,Fangue_et_al_2006,Fundulus_heteroclitus,Chordata,killfish,2,ocean,direct,<1,GA,31.12527778,-81.436621,adult,uncertain,7,2,26,individual,CTmin,-1.1,5.8,std_dev,0,0.41,15,15,450,29.479265,13.438733,22.371168,16.040532,lower,0.2875
352,Fangue_et_al_2006,Fundulus_heteroclitus,Chordata,killfish,2,ocean,direct,<1,GA,31.12527778,-81.436621,adult,uncertain,7,2,32,individual,CTmin,-1.1,7.7,std_dev,0,0.47,15,15,450,29.479265,13.438733,22.371168,16.040532,lower,0.293333333
353,Fangue_et_al_2006,Fundulus_heteroclitus,Chordata,killfish,2,ocean,direct,<1,GA,31.12527778,-81.436621,adult,uncertain,7,2,34,individual,CTmin,-1.1,9.6,std_dev,0,0.49,15,15,450,29.479265,13.438733,22.371168,16.040532,lower,0.334375
369,Fangue_et_al_2006,Fundulus_heteroclitus,Chordata,killfish,2,ocean,direct,<1,NH,42.896804,-70.821065,adult,uncertain,7,2,7,individual,CTmax,28.6,32,std_dev,1.05,0.73,15,15,450,20.139793,2.809211,11.043438,17.330582,upper,0.68
370,Fangue_et_al_2006,Fundulus_heteroclitus,Chordata,killfish,2,ocean,direct,<1,NH,42.896804,-70.821065,adult,uncertain,7,2,12,individual,CTmax,28.6,33.6,std_dev,1.05,0.87,15,15,450,20.139793,2.809211,11.043438,17.330582,upper,0.5
371,Fangue_et_al_2006,Fundulus_heteroclitus,Chordata,killfish,2,ocean,direct,<1,NH,42.896804,-70.821065,adult,uncertain,7,2,22,individual,CTmax,28.6,38.2,std_dev,1.05,0.45,15,15,450,20.139793,2.809211,11.043438,17.330582,upper,0.48
372,Fangue_et_al_2006,Fundulus_heteroclitus,Chordata,killfish,2,ocean,direct,<1,NH,42.896804,-70.821065,adult,uncertain,7,2,26,individual,CTmax,28.6,40.4,std_dev,1.05,0.33,15,15,450,20.139793,2.809211,11.043438,17.330582,upper,0.491666667
373,Fangue_et_al_2006,Fundulus_heteroclitus,Chordata,killfish,2,ocean,direct,<1,NH,42.896804,-70.821065,adult,uncertain,7,2,32,individual,CTmax,28.6,41.8,std_dev,1.05,0.29,15,15,450,20.139793,2.809211,11.043438,17.330582,upper,0.44
374,Fangue_et_al_2006,Fundulus_heteroclitus,Chordata,killfish,2,ocean,direct,<1,NH,42.896804,-70.821065,adult,uncertain,7,2,34,individual,CTmax,28.6,41.3,std_dev,1.05,0.71,15,15,450,20.139793,2.809211,11.043438,17.330582,upper,0.396875
390,Fangue_et_al_2006,Fundulus_heteroclitus,Chordata,killfish,2,ocean,direct,<1,GA,31.12527778,-81.436621,adult,uncertain,7,2,7,individual,CTmax,30.8,34.6,std_dev,1.44,0.65,15,15,450,29.479265,13.438733,22.371168,16.040532,upper,0.76
391,Fangue_et_al_2006,Fundulus_heteroclitus,Chordata,killfish,2,ocean,direct,<1,GA,31.12527778,-81.436621,adult,uncertain,7,2,12,individual,CTmax,30.8,34.9,std_dev,1.44,0.93,15,15,450,29.479265,13.438733,22.371168,16.040532,upper,0.41
392,Fangue_et_al_2006,Fundulus_heteroclitus,Chordata,killfish,2,ocean,direct,<1,GA,31.12527778,-81.436621,adult,uncertain,7,2,22,individual,CTmax,30.8,39.4,std_dev,1.44,0.2,15,15,450,29.479265,13.438733,22.371168,16.040532,upper,0.43
393,Fangue_et_al_2006,Fundulus_heteroclitus,Chordata,killfish,2,ocean,direct,<1,GA,31.12527778,-81.436621,adult,uncertain,7,2,26,individual,CTmax,30.8,41.4,std_dev,1.44,0.33,15,15,450,29.479265,13.438733,22.371168,16.040532,upper,0.441666667
394,Fangue_et_al_2006,Fundulus_heteroclitus,Chordata,killfish,2,ocean,direct,<1,GA,31.12527778,-81.436621,adult,uncertain,7,2,32,individual,CTmax,30.8,42.4,std_dev,1.44,0.84,15,15,450,29.479265,13.438733,22.371168,16.040532,upper,0.386666667
395,Fangue_et_al_2006,Fundulus_heteroclitus,Chordata,killfish,2,ocean,direct,<1,GA,31.12527778,-81.436621,adult,uncertain,7,2,34,individual,CTmax,30.8,42.5,std_dev,1.44,0.96,15,15,450,29.479265,13.438733,22.371168,16.040532,upper,0.365625
411,Fernando_et_al_2016,Atractosteus_spatula,Chordata,fish,3,freshwater,uncertain,<1,Fourche,34.928639,-93.361688,juvenile,uncertain,3,25,30,population,CTmax,39.8,41.26,std_err,0.12,0.16,5,5,45,32.54,0.06,16.52,32.48,upper,0.292
412,Fernando_et_al_2016,Atractosteus_spatula,Chordata,fish,3,freshwater,uncertain,<1,Tupelo,31.426799,-91.455487,juvenile,uncertain,3,25,30,population,CTmax,39.8,41.12,std_err,0.16,0.19,5,5,45,31.7,4.8,19.2,26.9,upper,0.264
413,Fernando_et_al_2016,Atractosteus_spatula,Chordata,fish,3,freshwater,uncertain,<1,Rockefeller,29.702907,-92.745953,juvenile,uncertain,3,25,30,population,CTmax,39.7,41.44,std_err,0.12,0.2,5,5,45,30.1,9.725,21,20.375,upper,0.348
414,Fernando_et_al_2016,Atractosteus_spatula,Chordata,fish,3,freshwater,uncertain,<1,Fourche,34.928639,-93.361688,juvenile,uncertain,3,25,35,population,CTmax,39.8,43.9,std_err,0.12,0.17,5,5,45,32.54,0.06,16.52,32.48,upper,0.41
415,Fernando_et_al_2016,Atractosteus_spatula,Chordata,fish,3,freshwater,uncertain,<1,Tupelo,31.426799,-91.455487,juvenile,uncertain,3,25,35,population,CTmax,39.8,44.08,std_err,0.16,0.18,5,5,45,31.7,4.8,19.2,26.9,upper,0.428
416,Fernando_et_al_2016,Atractosteus_spatula,Chordata,fish,3,freshwater,uncertain,<1,Rockefeller,29.702907,-92.745953,juvenile,uncertain,3,25,35,population,CTmax,39.7,44.38,std_err,0.12,0.12,5,5,45,30.1,9.725,21,20.375,upper,0.468
417,Healy_et_al_2019,Tigriopus_californicus,Arthropoda,copepod,10,intertidal,planktonic,2+,San_Diego,32.744828,-117.255264,adult,uncertain,2,20,25,individual,CTmax,38.15,38.99256506,std_err,0.541436464,0.691449814,16,16,126,28.33333333,10.2,18.36666667,18.13333333,upper,0.168513012
418,Healy_et_al_2019,Tigriopus_californicus,Arthropoda,copepod,10,intertidal,planktonic,2+,Bird_Rock,32.814202,-117.273379,adult,uncertain,2,20,25,individual,CTmax,37.8625,38.95910781,std_err,0.596685083,0.386740331,16,16,126,28.5,10.175,18.45,18.325,upper,0.219321562
419,Healy_et_al_2019,Tigriopus_californicus,Arthropoda,copepod,10,intertidal,planktonic,2+,Santa_Cruz,36.949433,-122.046358,adult,uncertain,2,20,25,individual,CTmax,36.575,38.14900662,std_err,0.653061224,0.846938776,16,15,126,22.14,7.8,14.48,14.34,upper,0.314801324
420,Healy_et_al_2019,Tigriopus_californicus,Arthropoda,copepod,10,intertidal,planktonic,2+,Pescadero,37.259631,-122.414116,adult,uncertain,2,20,25,individual,CTmax,36.45,37.7019868,std_err,1.102040816,0.387755102,16,15,126,20.475,8.4,14.075,12.075,upper,0.25039736
421,Jensen_et_al_2019,Orchesella_cincta,Arthropoda,springtail,7,terrestrial,NA,2+,Siena,43.31666667,11.31666667,adult,uncertain,2,20,35.4,individual,CTmax,38.11375212,38.70967742,std_err,0.142614601,0.157894737,24,24,336,28.925,1.5,14.025,27.425,upper,0.038696448
422,Jensen_et_al_2019,Orchesella_cincta,Arthropoda,springtail,7,terrestrial,NA,2+,Chorges,44.53333333,6.266666667,adult,uncertain,2,20,35.4,individual,CTmax,37.69609508,38.31239389,std_err,0.14770798,0.188455009,24,24,336,24.225,-3.65,9.15,27.875,upper,0.040019403
423,Jensen_et_al_2019,Orchesella_cincta,Arthropoda,springtail,7,terrestrial,NA,2+,Frankfurt,50.06666667,8.683333333,adult,uncertain,2,20,35.4,individual,CTmax,37.93039049,38.48556876,std_err,0.213921902,0.188455009,24,24,336,23.88,-0.92,10.28,24.8,upper,0.036050537
424,Jensen_et_al_2019,Orchesella_cincta,Arthropoda,springtail,7,terrestrial,NA,2+,Hannover,52.31666667,9.916666667,adult,uncertain,2,20,35.4,individual,CTmax,37.76740238,38.33786078,std_err,0.213921902,0.152801358,24,24,336,22.5375,-1.2,9.5,23.7375,upper,0.037042753
425,Jensen_et_al_2019,Orchesella_cincta,Arthropoda,springtail,7,terrestrial,NA,2+,Hamburg,53.71666667,9.966666667,adult,uncertain,2,20,35.4,individual,CTmax,37.55348048,38.12393888,std_err,0.152801358,0.127334465,24,24,336,21.625,-1.275,9.0125,22.9,upper,0.037042753
426,Jensen_et_al_2019,Orchesella_cincta,Arthropoda,springtail,7,terrestrial,NA,2+,Mols,56.36666667,9.933333333,adult,uncertain,2,20,35.4,individual,CTmax,37.11035654,38.12903226,std_err,0.157894737,0.132427844,24,24,336,19.625,-1.5125,8.15,21.1375,upper,0.066147774
427,Jensen_et_al_2019,Orchesella_cincta,Arthropoda,springtail,7,terrestrial,NA,2+,Skagen,57.633381,10.389655,adult,uncertain,2,20,35.4,individual,CTmax,36.79966044,37.81324278,std_err,0.213921902,0.173174873,24,24,336,18.2,-0.5,8.3875,18.7,upper,0.065817035
428,Kelley_et_al_2011,Carcinus_maenas,Arthropoda,Green_crab,2,ocean,planktonic,<1,CA,37.907728,-122.6721,adult,uncertain,2,6,23,population,CTmax,34.7,36.2,std_err,0.62,0.28,15,15,60,17.140863,9.913499,12.333989,7.227364,upper,0.088235294
429,Kelley_et_al_2011,Carcinus_maenas,Arthropoda,Green_crab,2,ocean,planktonic,<1,BC,49.038333,-125.203333,adult,uncertain,2,6,23,population,CTmax,31.7,35.5,std_err,0.67,0.23,15,15,60,14.94532,6.863964,10.689245,8.081356,upper,0.223529412
430,Manis_and_Claussen_1986,Rana_sylvatica,Chordata,frog,5,terrestrial,direct,1,Kentucky,37.56666667,-84.3,larvae,uncertain,2,15,20,population,CTmax,27.3,36.7,CI,1.2,0.3,10,10,80,28.9,-2.275,13.525,31.175,upper,1.88
431,Manis_and_Claussen_1986,Rana_sylvatica,Chordata,frog,5,terrestrial,direct,1,Ohio,38.8,-83.4,larvae,uncertain,2,15,20,population,CTmax,26,35.9,CI,0.8,0.4,10,10,80,28.8,-3.725,12.575,32.525,upper,1.98
432,Manis_and_Claussen_1986,Rana_sylvatica,Chordata,frog,5,terrestrial,direct,1,NY-R,42.51666667,-74.11666667,larvae,uncertain,2,15,20,population,CTmax,26.1,33.8,CI,0.8,0.8,10,10,80,25.05,-9.375,7.875,34.425,upper,1.54
433,Manis_and_Claussen_1986,Rana_sylvatica,Chordata,frog,5,terrestrial,direct,1,Michigan,42.75,-83.21666667,larvae,uncertain,2,15,20,population,CTmax,27.1,33.9,CI,0.8,0.4,10,10,80,26.5,-8.1,8.8,34.6,upper,1.36
434,McCann_2018,Rhinella_marina,Chordata,cane_toad,4,terrestrial,uncertain,<1,HU,19.696853,-155.081501,adult,uncertain,2,12,24,population,CTmin,10.09931034,10.66896552,std_err,0.637241379,0.675862069,20,20,164,27.56666667,20.16666667,23.86666667,7.4,lower,0.047471265
435,McCann_2018,Rhinella_marina,Chordata,cane_toad,4,terrestrial,uncertain,<1,TV,19.549037,-155.136774,adult,uncertain,2,12,24,population,CTmin,9.575842697,11.98455056,std_err,0.639044944,0.668539326,22,22,164,24.9,17.125,20.925,7.775,lower,0.200725655
436,McCann_2018,Rhinella_marina,Chordata,cane_toad,4,terrestrial,uncertain,<1,ML,19.941369,-155.859498,adult,uncertain,2,12,24,population,CTmin,12.36986301,10.1260274,std_err,0.268493151,0.652054795,20,20,164,28.475,20.625,24.525,7.85,lower,-0.186986301
437,McCann_2018,Rhinella_marina,Chordata,cane_toad,4,terrestrial,uncertain,<1,BI,19.819891,-155.836336,adult,uncertain,2,12,24,population,CTmin,9.14516129,8.561827957,std_err,0.809139785,0.442204301,20,20,164,24.9,16.63333333,20.63333333,8.266666667,lower,-0.048611111
438,Park_et_al_2018,Arabidopsis_thaliana,Tracheophyta,rockcress,2,terrestrial,uncertain,1,IT,42.117,12.48,adult,uncertain,2,4,22,population,LD50_low,-9.6,-4.6,std_err,NA,NA,1,1,4,29.68333333,3.433333333,15.28333333,26.25,lower,0.277777778
439,Park_et_al_2018,Arabidopsis_thaliana,Tracheophyta,rockcress,2,terrestrial,uncertain,1,SW,62.8,18.2,adult,uncertain,2,4,22,population,LD50_low,-12.4,-5.1,std_err,NA,NA,1,1,4,18.75,-7.5625,4.625,26.3125,lower,0.405555556
440,Pereira_et_al_2017,Tigriopus_californicus,Arthropoda,copepod,11,intertidal,planktonic,2+,SRQ,27.179937,-114.397685,adult,female,2,20,25,population,LD50_high,37.638,38.46,std_err,0.463,0.11295,1,1,22,28,13.73333333,20.16666667,14.26666667,upper,0.1644
441,Pereira_et_al_2017,Tigriopus_californicus,Arthropoda,copepod,11,intertidal,planktonic,2+,BUF,31.723725,-116.721815,adult,female,2,20,25,population,LD50_high,36.663,37.21,std_err,0.418,0.072612,1,1,22,28.7,10.78,18.78,17.92,upper,0.1094
442,Pereira_et_al_2017,Tigriopus_californicus,Arthropoda,copepod,11,intertidal,planktonic,2+,SD,32.744828,-117.255264,adult,female,2,20,25,population,LD50_high,36.415,37.437,std_err,0.358,0.10056,1,1,22,28.33333333,10.2,18.36666667,18.13333333,upper,0.2044
443,Pereira_et_al_2017,Tigriopus_californicus,Arthropoda,copepod,11,intertidal,planktonic,2+,BR,32.814202,-117.273379,adult,female,2,20,25,population,LD50_high,36.75,38.03,std_err,0.447,0.13523,1,1,22,28.5,10.175,18.45,18.325,upper,0.256
444,Pereira_et_al_2017,Tigriopus_californicus,Arthropoda,copepod,11,intertidal,planktonic,2+,AB,33.736857,-118.373817,adult,female,2,20,25,population,LD50_high,35.727,36.963,std_err,0.348,0.082266,1,1,22,29.65,9.5,18.8,20.15,upper,0.2472
445,Pereira_et_al_2017,Tigriopus_californicus,Arthropoda,copepod,11,intertidal,planktonic,2+,SCN,36.949433,-122.046358,adult,female,2,20,25,population,LD50_high,34.696,35.764,std_err,0.396,0.089002,1,1,22,22.14,7.8,14.48,14.34,upper,0.2136
446,Pereira_et_al_2017,Tigriopus_californicus,Arthropoda,copepod,11,intertidal,planktonic,2+,PES,37.259631,-122.414116,adult,female,2,20,25,population,LD50_high,35.043,36.384,std_err,0.413,0.12266,1,1,22,20.475,8.4,14.075,12.075,upper,0.2682
447,Pereira_et_al_2017,Tigriopus_californicus,Arthropoda,copepod,11,intertidal,planktonic,2+,BDM,42.197075,-124.374844,adult,female,2,20,25,population,LD50_high,35.066,35.723,std_err,0.537,0.14739,1,1,22,20.9,6.825,12.725,14.075,upper,0.1314
448,Pereira_et_al_2017,Tigriopus_californicus,Arthropoda,copepod,11,intertidal,planktonic,2+,HEC,44.115493,-124.124432,adult,female,2,20,25,population,LD50_high,34.622,35.018,std_err,0.266,0.086734,1,1,22,20.3,5.775,12,14.525,upper,0.0792
449,Pereira_et_al_2017,Tigriopus_californicus,Arthropoda,copepod,11,intertidal,planktonic,2+,PAC,48.829826,-125.151682,adult,female,2,20,25,population,LD50_high,34.276,35.51,std_err,0.463,0.13007,1,1,22,18.5,5.1,10.74,13.4,upper,0.2468
450,Pereira_et_al_2017,Tigriopus_californicus,Arthropoda,copepod,11,intertidal,planktonic,2+,RC,50.579756,-128.237292,adult,female,2,20,25,population,LD50_high,33.813,34.425,std_err,0.382,0.11256,1,1,22,15.6,5.3,9.8,10.3,upper,0.1224
451,Philips_et_al_2015,Lampropholis_coggeri,Chordata,lizard,13,terrestrial,direct,<1,6805A,-19.3629,146.4769,adult,uncertain,2,30,35,individual,CTmax,39.3142857,40.31428571,std_dev,0.88043446,0.350491021,14,14,290,31.375,13.525,23.3,17.85,upper,0.200000002
452,Philips_et_al_2015,Lampropholis_coggeri,Chordata,lizard,13,terrestrial,direct,<1,5220D,-19.2093,146.4113,adult,uncertain,2,30,35,individual,CTmax,41.5692308,41.75,std_dev,0.38812501,0.360254001,13,13,290,28.675,11.75,20.975,16.925,upper,0.03615384
453,Philips_et_al_2015,Lampropholis_coggeri,Chordata,lizard,13,terrestrial,direct,<1,5220A,-19.0178,146.1549,adult,uncertain,2,30,35,individual,CTmax,41.8444444,41.16580518,std_dev,1.00636861,0.31012057,9,9,290,27.025,10.3,19.3,16.725,upper,-0.135727844
454,Philips_et_al_2015,Lampropholis_coggeri,Chordata,lizard,13,terrestrial,direct,<3,5220E,-18.9583,146.1523,adult,uncertain,2,30,35,individual,CTmax,41.6625,41.95,std_dev,0.26044833,0.206559112,16,16,290,27.225,10.7,19.625,16.525,upper,0.0575
455,Philips_et_al_2015,Lampropholis_coggeri,Chordata,lizard,13,terrestrial,direct,<5,6101A,-18.9106,146.2508,adult,uncertain,2,30,35,individual,CTmax,39.8636364,40.30909091,std_dev,1.94693232,2.017649397,11,11,290,32.025,15.5,24.5,16.525,upper,0.089090902
456,Philips_et_al_2015,Lampropholis_coggeri,Chordata,lizard,13,terrestrial,direct,<7,4272A,-18.8458,145.9041,adult,uncertain,2,30,35,individual,CTmax,39.36,39.4,std_dev,0.15055453,0.440454311,10,10,290,28.62,11.32,20.62,17.3,upper,0.008
457,Philips_et_al_2015,Lampropholis_coggeri,Chordata,lizard,13,terrestrial,direct,<9,4105A,-18.7992,145.9086,adult,uncertain,2,30,35,individual,CTmax,42.0125,42.23125,std_dev,0.60649265,0.375444181,16,16,290,29.275,12.1,21.375,17.175,upper,0.04375
458,Philips_et_al_2015,Lampropholis_coggeri,Chordata,lizard,13,terrestrial,direct,<11,3792A,-18.7921,145.8345,adult,uncertain,2,30,35,individual,CTmax,40.04,39.88,std_dev,0.24083189,0.116619038,5,5,290,28.8,11.4,20.75,17.4,upper,-0.032
459,Philips_et_al_2015,Lampropholis_coggeri,Chordata,lizard,13,terrestrial,direct,<13,3505B,-18.7788,145.825,adult,uncertain,2,30,35,individual,CTmax,38.8666667,39.41111111,std_dev,0.57008771,0.577590782,9,9,290,28.65,11.325,20.65,17.325,upper,0.108888882
460,Philips_et_al_2015,Lampropholis_coggeri,Chordata,lizard,13,terrestrial,direct,<15,4577A,-18.7736,145.9579,adult,uncertain,2,30,35,individual,CTmax,39.71,39.88,std_dev,0.36651512,0.3765339,10,10,290,31.9,14.65,23.95,17.25,upper,0.034
461,Philips_et_al_2015,Lampropholis_coggeri,Chordata,lizard,13,terrestrial,direct,<17,5821A,-18.6096,146.18,adult,uncertain,2,30,35,individual,CTmax,41.925,42.225,std_dev,0.47434165,0.426781978,8,8,290,31.25,16.275,24.4,14.975,upper,0.06
462,Philips_et_al_2015,Lampropholis_coggeri,Chordata,lizard,13,terrestrial,direct,<19,3498A,-18.6062,145.7915,adult,uncertain,2,30,35,individual,CTmax,41.2714286,42.16428571,std_dev,0.69771999,0.393421174,14,14,290,28.85,12.075,21.075,16.775,upper,0.178571423
463,Philips_et_al_2015,Lampropholis_coggeri,Chordata,lizard,13,terrestrial,direct,<21,2943A,-18.5614,145.7789,adult,uncertain,2,30,35,individual,CTmax,38.8,39.58,std_dev,0.66164777,0.630343822,10,10,290,28.875,12.25,21.175,16.625,upper,0.156
464,Sasaki_and_Dam_2019,Acartia_tonsa,Arthropoda,copepod,10,ocean,planktonic,2+,KL,25.283653,-80.330295,adult,female,2,18,22,population,LD50_high,31.99242,33.82464,std_err,0.21035,0.215352,1,1,28,30.55818,22.822811,27.005703,7.735369,upper,0.458055
465,Sasaki_and_Dam_2019,Acartia_tonsa,Arthropoda,copepod,10,ocean,planktonic,2+,PR,26.484712,-82.011192,adult,female,2,18,22,population,LD50_high,29.51297,31.20154,std_err,0.2915942,0.2909967,1,1,28,30.90531,17.622208,25.392895,13.283102,upper,0.4221425
466,Sasaki_and_Dam_2019,Acartia_tonsa,Arthropoda,copepod,10,ocean,planktonic,2+,PG,26.940398,-82.051036,adult,female,2,18,22,population,LD50_high,29.2356,31.2526,std_err,0.5038,0.501747,1,1,28,30.803257,17.073378,25.148806,13.729879,upper,0.50425
467,Sasaki_and_Dam_2019,Acartia_tonsa,Arthropoda,copepod,10,ocean,planktonic,2+,MR,27.541441,-82.688451,adult,female,2,18,22,population,LD50_high,28.917,28.917,std_err,0.30657,0.30657,1,1,28,30.616905,16.039289,24.633297,14.577616,upper,0
468,Sasaki_and_Dam_2019,Acartia_tonsa,Arthropoda,copepod,10,ocean,planktonic,2+,SP,27.633728,-82.6674,adult,female,2,18,22,population,LD50_high,26.5059,29.644,std_err,0.5517,0.3861363,1,1,28,30.597477,16.029791,24.617729,14.567686,upper,0.784525
469,Sasaki_and_Dam_2019,Acartia_tonsa,Arthropoda,copepod,10,ocean,planktonic,2+,NS,29.037478,-80.908512,adult,female,2,18,22,population,LD50_high,26.48557,30.13375,std_err,0.5794033,0.6071921,1,1,28,28.594151,18.722908,24.156425,9.871243,upper,0.912045
470,Sasaki_and_Dam_2019,Acartia_tonsa,Arthropoda,copepod,10,ocean,planktonic,2+,CT,41.320591,-72.001564,adult,female,2,18,22,population,LD50_high,25.92,29.2544,std_err,0.426579,0.3938751,1,1,28,22.667253,2.710648,12.58287,19.956605,upper,0.8336
471,Sasaki_and_Dam_2019,Acartia_tonsa,Arthropoda,copepod,10,ocean,planktonic,2+,ME,44.615086,-67.497436,adult,female,2,18,22,population,LD50_high,25.9379,29.21343,std_err,0.546316,0.512062,1,1,28,15.335692,2.759924,8.595744,12.575768,upper,0.8188825
472,Sasaki_and_Dam_2019,Acartia_tonsa,Arthropoda,copepod,10,ocean,planktonic,2+,SA,45.100059,-67.055032,adult,female,2,18,22,population,LD50_high,26.3281,30.497,std_err,0.6849089,0.27916,1,1,28,15.203428,1.881384,8.449094,13.322044,upper,1.042225
473,Sasaki_and_Dam_2019,Acartia_tonsa,Arthropoda,copepod,10,ocean,planktonic,2+,SB,46.27291,-64.575143,adult,female,2,18,22,population,LD50_high,24.295,30.3619,std_err,0.5686669,0.3553037,1,1,28,20.201029,-1.600553,8.287957,21.801582,upper,1.516725
474,Sasaki_et_al_2019,Acartia_tonsa,Arthropoda,copepod,2,ocean,planktonic,2+,PG,26.940398,-82.051036,adult,female,2,18,22,population,LD50_high,31.48687,31.6295,std_err,0.3837,0.2283328,1,1,28,30.803257,17.073378,25.148806,13.729879,upper,0.0356575
475,Sasaki_et_al_2019,Acartia_tonsa,Arthropoda,copepod,2,ocean,planktonic,2+,PG,26.940398,-82.051036,adult,male,2,18,22,population,LD50_high,30.04441,30.19157,std_err,0.2911847,0.309329,1,1,28,30.803257,17.073378,25.148806,13.729879,upper,0.03679
476,Sasaki_et_al_2019,Acartia_tonsa,Arthropoda,copepod,2,ocean,planktonic,2+,CT,41.320591,-72.001564,adult,female,2,18,22,population,LD50_high,30.2282,31.55975,std_err,0.3847615,0.4161805,1,1,28,22.667253,2.710648,12.58287,19.956605,upper,0.3328875
477,Sasaki_et_al_2019,Acartia_tonsa,Arthropoda,copepod,2,ocean,planktonic,2+,CT,41.320591,-72.001564,adult,male,2,18,22,population,LD50_high,27.85826,29.29172,std_err,0.4445083,0.3746631,1,1,28,22.667253,2.710648,12.58287,19.956605,upper,0.358365
478,Tepolt_et_al_2014,Carcinus_maenas,Arthropoda,crab,7,intertidal,planktonic,<1,Skitnepollen,60.5061,5.0226,adult,uncertain,2,5,25,individual,CTmax,34.2,36.1,std_err,0.4,0.3,8,10,18,17.02857143,0.328571429,7.942857143,16.7,upper,0.095
479,Tepolt_et_al_2014,Carcinus_maenas,Arthropoda,crab,7,intertidal,planktonic,<1,Seixal,38.6455,-9.1036,adult,uncertain,2,5,25,individual,CTmax,35.5,37.3,std_err,0.5,0.2,12,11,23,25.46,9.92,17,15.54,upper,0.09
485,Underwood_et_al_2012,Oncorhynchus_clarkii_pleuriticus,Chordata,fish,3,freshwater,planktonic,1,Carr_Creek,39.61167,-108.575,juvenile,uncertain,3,10,15,population,CTmax,28.2,28.8,std_dev,0.6,0.5,17,13,104,27.675,-11.725,6.35,39.4,upper,0.12
486,Underwood_et_al_2012,Oncorhynchus_clarkii_pleuriticus,Chordata,fish,3,freshwater,planktonic,1,Trapper_Creek,39.62333,-108.00833,juvenile,uncertain,3,10,15,population,CTmax,28,29.1,std_dev,0.6,0.3,26,20,104,25.9,-12.45,5,38.35,upper,0.22
487,Underwood_et_al_2012,Oncorhynchus_clarkii_pleuriticus,Chordata,fish,3,freshwater,planktonic,1,Trapper_Creek,39.62333,-108.00833,juvenile,uncertain,3,10,20,population,CTmax,28,29.6,std_dev,0.6,0.5,9,9,104,25.9,-12.45,5,38.35,upper,0.16
489,Underwood_et_al_2012,Oncorhynchus_clarkii_pleuriticus,Chordata,fish,3,freshwater,planktonic,1,Lake_Nanita,40.25667,-105.71667,juvenile,uncertain,3,10,15,population,CTmax,27.7,28.5,std_dev,0.6,0.4,7,7,104,18.725,-16.3,-0.5,35.025,upper,0.16
490,Underwood_et_al_2012,Oncorhynchus_clarkii_pleuriticus,Chordata,fish,3,freshwater,planktonic,1,Lake_Nanita,40.25667,-105.71667,juvenile,uncertain,3,10,20,population,CTmax,27.7,29.1,std_dev,0.6,0.7,5,5,104,18.725,-16.3,-0.5,35.025,upper,0.14
492,van_heerwaarden_et_al_2017,Drosophila melanogaster,Arthropoda,fruit fly,2,terrestrial,NA,1,Melbourne,-37.8136,144.9631,adult,uncertain,6,16,18,individual,CTmax,39.46,39.44666667,std_err,0.289589484,0.368345165,30,30,360,24.75,7.475,14.825,17.275,upper,-0.006666667
493,van_heerwaarden_et_al_2017,Drosophila melanogaster,Arthropoda,fruit fly,2,terrestrial,NA,1,Melbourne,-37.8136,144.9631,adult,uncertain,6,16,22,individual,CTmax,39.46,39.95066225,std_err,0.289589484,0.486614406,30,30,360,24.75,7.475,14.825,17.275,upper,0.081777042
494,van_heerwaarden_et_al_2017,Drosophila melanogaster,Arthropoda,fruit fly,2,terrestrial,NA,1,Melbourne,-37.8136,144.9631,adult,uncertain,6,16,25,individual,CTmax,39.46,39.95333333,std_err,0.289589484,0.357899363,30,30,360,24.75,7.475,14.825,17.275,upper,0.054814815
495,van_heerwaarden_et_al_2017,Drosophila melanogaster,Arthropoda,fruit fly,2,terrestrial,NA,1,Melbourne,-37.8136,144.9631,adult,uncertain,6,16,28,individual,CTmax,39.46,40.08,std_err,0.289589484,0.350762716,30,30,360,24.75,7.475,14.825,17.275,upper,0.051666667
496,van_heerwaarden_et_al_2017,Drosophila melanogaster,Arthropoda,fruit fly,2,terrestrial,NA,1,Melbourne,-37.8136,144.9631,adult,uncertain,6,16,30,individual,CTmax,39.46,40.32666667,std_err,0.289589484,0.370398977,30,30,360,24.75,7.475,14.825,17.275,upper,0.061904762
507,van_heerwaarden_et_al_2017,Drosophila melanogaster,Arthropoda,fruit fly,2,terrestrial,NA,1,Innisfail,-17.52,146.04,adult,uncertain,6,16,18,individual,CTmax,39.46666667,39.44333333,std_err,0.357513765,0.329768292,30,30,360,29.4,19,24.7,10.4,upper,-0.011666667
508,van_heerwaarden_et_al_2017,Drosophila melanogaster,Arthropoda,fruit fly,2,terrestrial,NA,1,Innisfail,-17.52,146.04,adult,uncertain,6,16,22,individual,CTmax,39.46666667,39.80322581,std_err,0.357513765,0.322990063,30,30,360,29.4,19,24.7,10.4,upper,0.05609319
509,van_heerwaarden_et_al_2017,Drosophila melanogaster,Arthropoda,fruit fly,2,terrestrial,NA,1,Innisfail,-17.52,146.04,adult,uncertain,6,16,25,individual,CTmax,39.46666667,40.14666667,std_err,0.357513765,0.363634274,30,30,360,29.4,19,24.7,10.4,upper,0.075555556
510,van_heerwaarden_et_al_2017,Drosophila melanogaster,Arthropoda,fruit fly,2,terrestrial,NA,1,Innisfail,-17.52,146.04,adult,uncertain,6,16,28,individual,CTmax,39.46666667,40.18333333,std_err,0.357513765,0.297209242,30,30,360,29.4,19,24.7,10.4,upper,0.059722222
511,van_heerwaarden_et_al_2017,Drosophila melanogaster,Arthropoda,fruit fly,2,terrestrial,NA,1,Innisfail,-17.52,146.04,adult,uncertain,6,16,30,individual,CTmax,39.46666667,40.45333333,std_err,0.357513765,0.375759767,30,30,360,29.4,19,24.7,10.4,upper,0.07047619
522,Villeneuve_et_al,Urosalpinx cinerea,Mollusca,snail,6,ocean,direct,1,Beaufort,34.718,-76.671,juvenile,uncertain,2,20,24,population,LD50_high,39.833345,37.6482113,NA,NA,NA,1,1,10,28.164886,12.945122,21.591877,15.219764,upper,-0.546283425
523,Villeneuve_et_al,Urosalpinx cinerea,Mollusca,snail,6,ocean,direct,1,Beaufort,34.718,-76.671,juvenile,uncertain,2,20,24,population,LD50_high,38.7178694,38.9967834,NA,NA,NA,1,1,10,28.164886,12.945122,21.591877,15.219764,upper,0.0697285
524,Villeneuve_et_al,Urosalpinx cinerea,Mollusca,snail,6,ocean,direct,1,Folly Beach,32.66,-79.943,juvenile,uncertain,2,20,24,population,LD50_high,40.0324093,39.1215801,NA,NA,NA,1,1,10,28.944557,14.927087,22.447884,14.01747,upper,-0.2277073
526,Villeneuve_et_al,Urosalpinx cinerea,Mollusca,snail,6,ocean,direct,1,Oyster,37.288,-75.924,juvenile,uncertain,2,20,24,population,LD50_high,39.833345,35.6021795,NA,NA,NA,1,1,10,27.199184,3.523742,16.365797,23.675442,upper,-1.057791375
527,Villeneuve_et_al,Urosalpinx cinerea,Mollusca,snail,6,ocean,direct,1,Oyster,37.288,-75.924,juvenile,uncertain,2,20,24,population,LD50_high,39.1910029,38.3346084,NA,NA,NA,1,1,10,27.199184,3.523742,16.365797,23.675442,upper,-0.214098625
528,Wang_et_al_2019,Lottia_limatula,Mollusca,limpet,2,marine,uncertain,<1,Elkhorn_Slough,36.805779,-121.790989,adult,uncertain,3,13,17,individual,CTmax,35.05076142,35.83756345,std_dev,1.602070452,2.059918152,7,8,21,24.6,6.975,15.1,17.625,upper,0.196700507
529,Wang_et_al_2019,Lottia_limatula,Mollusca,limpet,2,marine,uncertain,<1,Elkhorn_Slough,36.805779,-121.790989,adult,uncertain,3,13,21,individual,CTmax,35.05076142,36.01522843,std_dev,1.602070452,3.535342589,7,6,21,24.6,6.975,15.1,17.625,upper,0.120558376
530,Wang_et_al_2019,Lottia_limatula,Mollusca,limpet,2,marine,uncertain,<1,Tomales_Bay,38.202356,-122.937555,adult,uncertain,3,13,17,individual,CTmax,36.16751269,37.18274112,std_dev,1.257850454,1.463779908,8,6,19,23.975,7.2,14.9,16.775,upper,0.253807108
531,Wang_et_al_2019,Lottia_limatula,Mollusca,limpet,2,marine,uncertain,<1,Tomales_Bay,38.202356,-122.937555,adult,uncertain,3,13,21,individual,CTmax,36.16751269,36.54822335,std_dev,1.257850454,1.159845715,8,5,19,23.975,7.2,14.9,16.775,upper,0.047588832
532,Weldon_et_al_2018,Ceratitis capitata,Arthropoda,fruit fly,8,terrestrial,NA,<1,Nuy,-33.67,19.62,adult,uncertain,3,20,30,individual,CTmax,42.51655629,43.2781457,std_err,0.099337748,0.132450331,20,20,480,28.625,5.5,16.875,23.125,upper,0.07615894
533,Weldon_et_al_2018,Ceratitis capitata,Arthropoda,fruit fly,8,terrestrial,NA,<1,Nuy,-33.67,19.62,adult,uncertain,3,20,25,individual,CTmax,42.51655629,42.78145695,std_err,0.099337748,0.099337748,20,20,480,28.625,5.5,16.875,23.125,upper,0.052980132
534,Weldon_et_al_2018,Ceratitis capitata,Arthropoda,fruit fly,8,terrestrial,NA,<1,Wellington,-33.39,18.57,adult,uncertain,3,20,30,individual,CTmax,41.82119205,42.71523179,std_err,0.066225166,0.099337748,20,20,480,27.22,8.1,17.42,19.12,upper,0.089403974
535,Weldon_et_al_2018,Ceratitis capitata,Arthropoda,fruit fly,8,terrestrial,NA,<1,Wellington,-33.39,18.57,adult,uncertain,3,20,25,individual,CTmax,41.82119205,42.28476821,std_err,0.066225166,0.099337748,20,20,480,27.22,8.1,17.42,19.12,upper,0.092715232
536,Weldon_et_al_2018,Ceratitis capitata,Arthropoda,fruit fly,8,terrestrial,NA,<1,Porterville,-33.01,19,adult,uncertain,3,20,30,individual,CTmax,42.54966887,43.21192053,std_err,0.033112583,0.099337748,20,20,480,30.875,6.225,18.2,24.65,upper,0.066225166
537,Weldon_et_al_2018,Ceratitis capitata,Arthropoda,fruit fly,8,terrestrial,NA,<1,Porterville,-33.01,19,adult,uncertain,3,20,25,individual,CTmax,42.54966887,42.25165563,std_err,0.033112583,0.198675497,20,20,480,30.875,6.225,18.2,24.65,upper,-0.059602649
538,Weldon_et_al_2018,Ceratitis capitata,Arthropoda,fruit fly,8,terrestrial,NA,<1,Ceres,-33.34,19.57,adult,uncertain,3,20,30,individual,CTmax,42.21854305,43.11258278,std_err,0.231788079,0.132450331,20,20,480,25.58,0.58,12.8,25,upper,0.089403974
539,Weldon_et_al_2018,Ceratitis capitata,Arthropoda,fruit fly,8,terrestrial,NA,<1,Ceres,-33.34,19.57,adult,uncertain,3,20,25,individual,CTmax,42.21854305,42.21854305,std_err,0.231788079,0.099337748,20,20,480,25.58,0.58,12.8,25,upper,0
540,Weldon_et_al_2018,Ceratitis capitata,Arthropoda,fruit fly,8,terrestrial,NA,<1,Burgershall,-25.06,31.05,adult,uncertain,3,20,30,individual,CTmax,43.80794702,44.00662252,std_err,0.496688742,0.198675497,20,20,480,27.45,7.375,19.225,20.075,upper,0.01986755
541,Weldon_et_al_2018,Ceratitis capitata,Arthropoda,fruit fly,8,terrestrial,NA,<1,Burgershall,-25.06,31.05,adult,uncertain,3,20,25,individual,CTmax,43.80794702,43.57615894,std_err,0.496688742,0.331125828,20,20,480,27.45,7.375,19.225,20.075,upper,-0.046357616
542,Weldon_et_al_2018,Ceratitis capitata,Arthropoda,fruit fly,8,terrestrial,NA,<1,Koekoeb,-28.47,20.46,adult,uncertain,3,20,30,individual,CTmax,41.7218543,42.58278146,std_err,0.099337748,0.132450331,20,20,480,35.63333333,5.2,21.4,30.43333333,upper,0.086092715
543,Weldon_et_al_2018,Ceratitis capitata,Arthropoda,fruit fly,8,terrestrial,NA,<1,Koekoeb,-28.47,20.46,adult,uncertain,3,20,25,individual,CTmax,41.7218543,42.21854305,std_err,0.099337748,0.099337748,20,20,480,35.63333333,5.2,21.4,30.43333333,upper,0.099337748
544,Weldon_et_al_2018,Ceratitis capitata,Arthropoda,fruit fly,8,terrestrial,NA,<1,Levubu,-23.05,30.17,adult,uncertain,3,20,30,individual,CTmax,41.82119205,43.11258278,std_err,0.132450331,0.099337748,20,20,480,28.225,7.225,19.725,21,upper,0.129139073
545,Weldon_et_al_2018,Ceratitis capitata,Arthropoda,fruit fly,8,terrestrial,NA,<1,Levubu,-23.05,30.17,adult,uncertain,3,20,25,individual,CTmax,41.82119205,42.71523179,std_err,0.132450331,0.099337748,20,20,480,28.225,7.225,19.725,21,upper,0.178807947
546,Weldon_et_al_2018,Ceratitis capitata,Arthropoda,fruit fly,8,terrestrial,NA,<1,Nairobi,-1.28,36.82,adult,uncertain,3,20,30,individual,CTmax,43.50993377,44.07284768,std_err,0.198675497,0.231788079,20,20,480,27.03333333,12.23333333,19.26666667,14.8,upper,0.056291391
547,Weldon_et_al_2018,Ceratitis capitata,Arthropoda,fruit fly,8,terrestrial,NA,<1,Nairobi,-1.28,36.82,adult,uncertain,3,20,25,individual,CTmax,43.50993377,43.41059603,std_err,0.198675497,0.132450331,20,20,480,27.03333333,12.23333333,19.26666667,14.8,upper,-0.01986755
548,Weldon_et_al_2018,Ceratitis capitata,Arthropoda,fruit fly,8,terrestrial,NA,<1,Nuy,-33.67,19.62,adult,uncertain,3,20,30,individual,CTmin,6.617647059,7.892156863,std_err,0,0.147058824,20,20,480,28.625,5.5,16.875,23.125,lower,0.12745098
549,Weldon_et_al_2018,Ceratitis capitata,Arthropoda,fruit fly,8,terrestrial,NA,<1,Nuy,-33.67,19.62,adult,uncertain,3,20,25,individual,CTmin,6.617647059,7.303921569,std_err,0,0.147058824,20,20,480,28.625,5.5,16.875,23.125,lower,0.137254902
550,Weldon_et_al_2018,Ceratitis capitata,Arthropoda,fruit fly,8,terrestrial,NA,<1,Wellington,-33.39,18.57,adult,uncertain,3,20,30,individual,CTmin,6.666666667,7.892156863,std_err,0.196078431,0.147058824,20,20,480,27.22,8.1,17.42,19.12,lower,0.12254902
551,Weldon_et_al_2018,Ceratitis capitata,Arthropoda,fruit fly,8,terrestrial,NA,<1,Wellington,-33.39,18.57,adult,uncertain,3,20,25,individual,CTmin,6.666666667,7.549019608,std_err,0.196078431,0,20,20,480,27.22,8.1,17.42,19.12,lower,0.176470588
552,Weldon_et_al_2018,Ceratitis capitata,Arthropoda,fruit fly,8,terrestrial,NA,<1,Porterville,-33.01,19,adult,uncertain,3,20,30,individual,CTmin,7.009803922,7.696078431,std_err,0.147058824,0.196078431,20,20,480,30.875,6.225,18.2,24.65,lower,0.068627451
553,Weldon_et_al_2018,Ceratitis capitata,Arthropoda,fruit fly,8,terrestrial,NA,<1,Porterville,-33.01,19,adult,uncertain,3,20,25,individual,CTmin,7.009803922,7.696078431,std_err,0.147058824,0.196078431,20,20,480,30.875,6.225,18.2,24.65,lower,0.137254902
554,Weldon_et_al_2018,Ceratitis capitata,Arthropoda,fruit fly,8,terrestrial,NA,<1,Ceres,-33.34,19.57,adult,uncertain,3,20,30,individual,CTmin,6.568627451,7.549019608,std_err,0.098039216,0.098039216,20,20,480,25.58,0.58,12.8,25,lower,0.098039216
555,Weldon_et_al_2018,Ceratitis capitata,Arthropoda,fruit fly,8,terrestrial,NA,<1,Ceres,-33.34,19.57,adult,uncertain,3,20,25,individual,CTmin,6.568627451,6.862745098,std_err,0.098039216,0.098039216,20,20,480,25.58,0.58,12.8,25,lower,0.058823529
556,Weldon_et_al_2018,Ceratitis capitata,Arthropoda,fruit fly,8,terrestrial,NA,<1,Burgershall,-25.06,31.05,adult,uncertain,3,20,30,individual,CTmin,3.18627451,3.87254902,std_err,0.245098039,0.441176471,20,20,480,27.45,7.375,19.225,20.075,lower,0.068627451
557,Weldon_et_al_2018,Ceratitis capitata,Arthropoda,fruit fly,8,terrestrial,NA,<1,Burgershall,-25.06,31.05,adult,uncertain,3,20,25,individual,CTmin,3.18627451,3.676470588,std_err,0.245098039,0.588235294,20,20,480,27.45,7.375,19.225,20.075,lower,0.098039216
558,Weldon_et_al_2018,Ceratitis capitata,Arthropoda,fruit fly,8,terrestrial,NA,<1,Koekoeb,-28.47,20.46,adult,uncertain,3,20,30,individual,CTmin,7.205882353,8.431372549,std_err,0.049019608,0.196078431,20,20,480,35.63333333,5.2,21.4,30.43333333,lower,0.12254902
559,Weldon_et_al_2018,Ceratitis capitata,Arthropoda,fruit fly,8,terrestrial,NA,<1,Koekoeb,-28.47,20.46,adult,uncertain,3,20,25,individual,CTmin,7.205882353,7.696078431,std_err,0.049019608,0.196078431,20,20,480,35.63333333,5.2,21.4,30.43333333,lower,0.098039216
560,Weldon_et_al_2018,Ceratitis capitata,Arthropoda,fruit fly,8,terrestrial,NA,<1,Levubu,-23.05,30.17,adult,uncertain,3,20,30,individual,CTmin,6.274509804,7.549019608,std_err,0.196078431,0.196078431,20,20,480,28.225,7.225,19.725,21,lower,0.12745098
561,Weldon_et_al_2018,Ceratitis capitata,Arthropoda,fruit fly,8,terrestrial,NA,<1,Levubu,-23.05,30.17,adult,uncertain,3,20,25,individual,CTmin,6.274509804,7.303921569,std_err,0.196078431,0.245098039,20,20,480,28.225,7.225,19.725,21,lower,0.205882353
562,Weldon_et_al_2018,Ceratitis capitata,Arthropoda,fruit fly,8,terrestrial,NA,<1,Nairobi,-1.28,36.82,adult,uncertain,3,20,30,individual,CTmin,4.607843137,5.196078431,std_err,0.392156863,0.441176471,20,20,480,27.03333333,12.23333333,19.26666667,14.8,lower,0.058823529
563,Weldon_et_al_2018,Ceratitis capitata,Arthropoda,fruit fly,8,terrestrial,NA,<1,Nairobi,-1.28,36.82,adult,uncertain,3,20,25,individual,CTmin,4.607843137,4.558823529,std_err,0.392156863,0.294117647,20,20,480,27.03333333,12.23333333,19.26666667,14.8,lower,-0.009803922
564,Wood_et_al_2014,Idotea_baltica,Arthropoda,isopod,3,ocean,brooding,<1,Oregrund,60.348682,18.453861,adult,uncertain,2,12,18,population,CTmax,20.784,28.153,CI,0.61,0.38,1,1,6,17.396917,-1.358601,7.376549,18.755518,upper,1.228166667
565,Wood_et_al_2014,Idotea_baltica,Arthropoda,isopod,3,ocean,brooding,<1,Kalmar,56.651083,16.33902,adult,uncertain,2,12,18,population,CTmax,21.6,27.966,CI,3.3,0.13,1,1,6,19.289993,-0.500006,8.973175,19.789999,upper,1.061
566,Wood_et_al_2014,Idotea_baltica,Arthropoda,isopod,3,ocean,brooding,<1,Malmo,55.570299,12.896592,adult,uncertain,2,12,18,population,CTmax,25.629,26.738,CI,2.7,0.74,1,1,6,19.190247,0.087644,9.866681,19.102603,upper,0.184833333
567,Yu_et_al_2018,Rhynchocypris_oxycephalus,Chordata,fish,2,freshwater,uncertain,<1,Hangzhou,30.38,120.15,uncertain,uncertain,4,14,19,population,CTmax,32.39,33.23,std_err,0.29,0.11,10,10,80,33.1,0.75,17.5,32.35,upper,0.168
568,Yu_et_al_2018,Rhynchocypris_oxycephalus,Chordata,fish,2,freshwater,uncertain,<1,Gaizhou,40.4,122.75,uncertain,uncertain,4,14,19,population,CTmax,32.4,33.93,std_err,0.23,0.06,10,10,80,27.65,-14.45,9.225,42.1,upper,0.306
569,Yu_et_al_2018,Rhynchocypris_oxycephalus,Chordata,fish,2,freshwater,uncertain,<1,Hangzhou,30.38,120.15,uncertain,uncertain,4,14,24,population,CTmax,32.39,33.4,std_err,0.29,0.09,10,10,80,33.1,0.75,17.5,32.35,upper,0.101
570,Yu_et_al_2018,Rhynchocypris_oxycephalus,Chordata,fish,2,freshwater,uncertain,<1,Gaizhou,40.4,122.75,uncertain,uncertain,4,14,24,population,CTmax,32.4,33.99,std_err,0.23,0.1,10,10,80,27.65,-14.45,9.225,42.1,upper,0.159
571,Yu_et_al_2018,Rhynchocypris_oxycephalus,Chordata,fish,2,freshwater,uncertain,<1,Hangzhou,30.38,120.15,uncertain,uncertain,4,14,29,population,CTmax,32.39,35.71,std_err,0.29,0.09,10,10,80,33.1,0.75,17.5,32.35,upper,0.221333333
572,Yu_et_al_2018,Rhynchocypris_oxycephalus,Chordata,fish,2,freshwater,uncertain,<1,Gaizhou,40.4,122.75,uncertain,uncertain,4,14,29,population,CTmax,32.4,35.75,std_err,0.23,0.12,10,10,80,27.65,-14.45,9.225,42.1,upper,0.223333333
573,Yu_et_al_2018,Rhynchocypris_oxycephalus,Chordata,fish,2,freshwater,uncertain,<1,Hangzhou,30.38,120.15,uncertain,uncertain,4,14,19,population,CTmin,0,0.1,std_err,0,0,10,10,80,33.1,0.75,17.5,32.35,lower,0.02
574,Yu_et_al_2018,Rhynchocypris_oxycephalus,Chordata,fish,2,freshwater,uncertain,<1,Gaizhou,40.4,122.75,uncertain,uncertain,4,14,19,population,CTmin,0,0,std_err,0,0,10,10,80,27.65,-14.45,9.225,42.1,lower,0
575,Yu_et_al_2018,Rhynchocypris_oxycephalus,Chordata,fish,2,freshwater,uncertain,<1,Hangzhou,30.38,120.15,uncertain,uncertain,4,14,24,population,CTmin,0,2.1,std_err,0,0,10,10,80,33.1,0.75,17.5,32.35,lower,0.21
576,Yu_et_al_2018,Rhynchocypris_oxycephalus,Chordata,fish,2,freshwater,uncertain,<1,Gaizhou,40.4,122.75,uncertain,uncertain,4,14,24,population,CTmin,0,1.3,std_err,0,0.12,10,10,80,27.65,-14.45,9.225,42.1,lower,0.13
577,Yu_et_al_2018,Rhynchocypris_oxycephalus,Chordata,fish,2,freshwater,uncertain,<1,Hangzhou,30.38,120.15,uncertain,uncertain,4,14,29,population,CTmin,0,5.27,std_err,0,0.1,10,10,80,33.1,0.75,17.5,32.35,lower,0.351333333
578,Yu_et_al_2018,Rhynchocypris_oxycephalus,Chordata,fish,2,freshwater,uncertain,<1,Gaizhou,40.4,122.75,uncertain,uncertain,4,14,29,population,CTmin,0,3.76,std_err,0,0.12,10,10,80,27.65,-14.45,9.225,42.1,lower,0.250666667
,Enriquez-Urzelai_et _al,Rana_temporaria,Chordata,frog,7,terrestrial,uncertain,<1,Can,42.99991,-5.92123,juvenile,uncertain,2,14,24,individual,CTmax,34.8,35.2,std_dev,0.738,0.65,29,34,319,17.96667,-4.15,5.566667,22.11667,upper,0.04
,Enriquez-Urzelai_et _al,Rana_temporaria,Chordata,frog,7,terrestrial,uncertain,<2,Col,43.29492,-5.27671,juvenile,uncertain,2,14,24,individual,CTmax,32.5,33.1,std_dev,1.21,1.19,18,23,319,23.2,3.04,12.06,20.16,upper,0.06
,Enriquez-Urzelai_et _al,Rana_temporaria,Chordata,frog,7,terrestrial,uncertain,<3,HE,43.02275,-4.75022,juvenile,uncertain,2,14,24,individual,CTmax,35.2,35.2,std_dev,0.809,0.662,22,25,319,14.1,-6.55,2.55,20.65,upper,0
,Enriquez-Urzelai_et _al,Rana_temporaria,Chordata,frog,7,terrestrial,uncertain,<4,Huz,43.15771,-4.23107,juvenile,uncertain,2,14,24,individual,CTmax,32.9,34.1,std_dev,1.28,1.39,22,14,319,22.78333,3.016667,11.883333,19.76667,upper,0.12
,Enriquez-Urzelai_et _al,Rana_temporaria,Chordata,frog,7,terrestrial,uncertain,<5,Sen,43.0744,-5.24043,juvenile,uncertain,2,14,24,individual,CTmax,35.2,35.5,std_dev,0.704,0.653,26,25,319,17.74,-3.86,5.68,21.6,upper,0.03
,Enriquez-Urzelai_et _al,Rana_temporaria,Chordata,frog,7,terrestrial,uncertain,<6,Tor,43.38735,-4.82462,juvenile,uncertain,2,14,24,individual,CTmax,33.3,34.4,std_dev,1.19,1.18,21,22,319,22.33333,4.566667,12.533333,17.76667,upper,0.11
,Enriquez-Urzelai_et _al,Rana_temporaria,Chordata,frog,7,terrestrial,uncertain,<7,Vid,42.95523,-4.60121,juvenile,uncertain,2,14,24,individual,CTmax,34.8,35.5,std_dev,0.975,0.87,19,19,319,18.26,-2.92,6.44,21.18,upper,0.07